water_temperature,salinity,ph,dissolved_oxygen,ammonia,rainfall,stocking_density,pond_size,water_exchange_rate,wssv_history,probiotics_used,antibiotics_used,culture_duration,year,month,outbreak_probability,temp_salinity_interaction,water_quality_index,farm_risk_score,month_sin,month_cos,country_India,country_Indonesia,country_Philippines,country_Thailand,country_Vietnam,season_Dry,season_Wet
-2.3943878840423896,-1.7959298055088795,-0.7736687844365815,0.4633896217383761,0.037208366606488096,-0.7705183659034214,1.6174744219372297,1.8658069587554729,-1.0213612828333007,1.457737973711325,-1.3333333333333335,-0.8250286473253902,0.5740233781280539,0.25703434826132476,-0.7231733837575791,1.7449370116110074,-1.9633853473643381,-0.7126409817702877,1.9463292070268932,1.1753948077754455,-0.6687542125133294,1.0,0.0,0.0,0.0,0.0,1.0,0.0
-0.476726131481558,0.26320829184726624,-0.5428455079457742,0.28432016508369035,-0.9787002799465137,-0.2725060937013519,-0.5650204673824348,0.9723324982275605,0.33787571584425025,-0.6859943405700354,-1.3333333333333335,1.2120791238484125,1.9690142694142103,0.25703434826132476,0.45751785503030507,-0.0722372721627998,0.08984478164046285,-1.1148492063372824,-0.830223720704582,-1.2486175787773053,-0.6687542125133304,0.0,0.0,0.0,0.0,1.0,1.0,0.0
1.2585705175764441,-1.281967228757801,0.43627858358028954,-0.305313913141827,0.14946692341692697,-0.477398286708984,-0.2443731000126889,2.533021524563152,0.18460946209508483,-0.6859943405700354,0.75,1.2120791238484125,0.6384763718518546,-0.3698786962785404,0.7526906647272761,1.1257510011735468,-1.0240525292579374,0.5043359647118061,-0.6957984245113963,-1.4361155893961477,0.047241974060526326,1.0,0.0,0.0,0.0,0.0,0.0,1.0
1.3918054203497823,-1.0868445007656717,-0.5154612611951737,0.5104633461244834,-1.288663015042973,-0.5012254760133,-0.3464573135937431,-0.46384776258890864,1.2970974360777088,-0.6859943405700354,0.75,-0.8250286473253902,-0.299307121287612,0.25703434826132476,-1.6086918128484922,1.5011609617308668,-0.7925533401474961,-1.3704623555002697,-0.7385952849997524,0.6631407164466787,1.287383747232011,1.0,0.0,0.0,0.0,0.0,1.0,0.0
0.8692439306477163,1.448797767187283,0.8342755547268723,0.27527462281387066,-0.10440725324735807,-0.45352997637080317,2.5289739331213053,2.40830460667048,-0.9544570500417513,1.457737973711325,-1.3333333333333335,1.2120791238484125,-1.5564002690522762,-0.683335218548473,-0.42800057406060804,1.4014541148868662,1.722806372925234,0.42065189254440905,2.2356035966399057,0.6631407164466787,-1.1928997991109578,0.0,0.0,1.0,0.0,0.0,1.0,0.0
0.26993667338646016,-0.5776955286183263,0.23388406355197874,0.9661865561025069,-0.3295123297833899,-0.06966718452554538,-0.9059019826706283,-0.8993741847240369,2.015862285512725,-0.6859943405700354,-1.3333333333333335,-0.8250286473253902,-0.8550521554733319,0.25703434826132476,1.3430362841212182,-0.8130963662332147,-0.49626223443441225,-0.40120248319602564,-0.9731317976842306,-0.7363634874485396,1.2873837472320107,0.0,1.0,0.0,0.0,0.0,1.0,0.0
-1.4941044897329128,0.2661980233212767,-0.9918613502927358,1.7293001507483206,-0.6240804639936195,-0.8918891934779439,-0.8445642638792872,-0.7154969110774677,1.3241934596142186,1.457737973711325,0.75,1.2120791238484125,0.3123651255785705,0.5704908705312574,-1.3135190031515211,0.5366949179585727,-0.22056557533554053,-1.7410393640193953,0.9141664224239283,1.1753948077754452,0.7632381606343831,0.0,1.0,0.0,0.0,0.0,1.0,0.0
0.33037166996768313,-0.2677396477796225,0.428365394204469,0.7107030557634626,-0.8142837880517492,1.5764735129463976,-1.2009007485251195,2.533021524563152,0.03251704588748303,-0.6859943405700354,-1.3333333333333335,-0.8250286473253902,-0.31733681628804344,-0.683335218548473,0.7526906647272761,-0.7905454045702995,-0.18014748634124592,-0.4708588382697733,-1.096804406637501,-1.4361155893961477,0.047241974060526326,0.0,0.0,0.0,1.0,0.0,1.0,0.0
0.7272277012772509,-0.26706459258898285,-0.5355341678209463,-1.1060040184616313,-1.020701685096115,0.42351414985985764,1.6681652943395688,-0.48180522230505207,-0.731775501519035,-0.6859943405700354,0.75,1.2120791238484125,-1.76462763875447,1.510860437341055,-1.3135190031515211,0.23669602154825828,-0.07794605435949105,-0.6305599034350988,0.10599683814916178,1.1753948077754452,0.7632381606343831,0.0,0.0,1.0,0.0,0.0,0.0,1.0
-1.139567653223964,0.6158793357984427,-0.07287614590584099,0.582403648781047,-0.16845290378827557,1.1140061107307695,0.2906278749173362,-0.5876933682626951,-0.1521996412658169,1.457737973711325,-1.3333333333333335,1.2120791238484125,0.6782665872688213,-0.683335218548473,1.0478634744242472,0.966980275462764,0.17978163412949152,-0.38141621597312586,1.3900740861782575,-1.2486175787773053,0.7632381606343831,0.0,0.0,0.0,0.0,1.0,1.0,0.0
0.8123731607303015,0.6670088244055247,0.7228560246896543,-1.6314459177536318,2.023827138733067,2.5437663789315876,-0.8172140352799582,0.22812183753830753,-0.810607797816734,-0.6859943405700354,-1.3333333333333335,1.2120791238484125,-2.1143505226742207,0.5704908705312574,-0.13282776436363702,0.7561706233046332,0.8991764243344543,2.359287888238129,-0.9359510664200034,-0.03661138550092988,-1.3847503990871861,0.0,0.0,0.0,0.0,1.0,0.0,1.0
0.5052324138448163,-0.3796364338595188,-0.9766728067299638,0.041382957297698454,2.8898414837008897,0.6337458899307143,0.5358995812443273,1.7491859342476326,-1.4993453399173997,1.457737973711325,0.75,1.2120791238484125,-0.7000098178733155,0.5704908705312574,0.45751785503030507,0.6740265417996686,-0.2465183021535915,1.0720382142869151,1.4928995733833172,-1.2486175787773053,-0.6687542125133304,0.0,0.0,0.0,0.0,1.0,1.0,0.0
-0.6929811846929802,-0.9727397938667424,2.5301099700761096,-0.3336958973970378,-1.404841027525862,-0.5397291742584731,-0.08420157725152412,2.533021524563152,0.41384500697394855,-0.6859943405700354,-1.3333333333333335,1.2120791238484125,-0.1841761449045582,1.1974039150711224,-1.3135190031515211,-1.4799381784174388,-1.059727989324585,1.0480708638778753,-0.6286495669813885,1.1753948077754452,0.7632381606343831,0.0,0.0,0.0,1.0,0.0,1.0,0.0
-1.0479979198240157,1.3269020178344269,0.04717630350187331,-0.9982620331783637,-1.2800936739312265,0.03215071363966581,-0.07735531896437438,0.48563117949841766,2.1876763204500214,1.457737973711325,-1.3333333333333335,1.2120791238484125,2.0978940824510666,1.510860437341055,-1.0183461934545501,0.45358067079578257,0.8096025205297096,-0.4133918118229693,1.2358041470939842,1.3628928183942877,0.04724197406052667,0.0,1.0,0.0,0.0,0.0,0.0,1.0
-0.06470397266311505,-0.6801765816931445,0.44920865474416216,-0.6701838600767996,-0.8971529629965904,-1.016215186997785,2.169732349112804,-1.2661901915884402,-0.08151273201973204,1.457737973711325,0.75,-0.8250286473253902,0.7855750081392572,-0.3698786962785404,-0.7231733837575791,-0.7683708418768254,-0.6678432081928369,-0.005751004716199071,2.177852815171807,1.1753948077754455,-0.6687542125133294,0.0,1.0,0.0,0.0,0.0,0.0,1.0
0.17190327660870217,-0.42592672901850276,-1.832853346579601,-0.5901892067234863,-1.3700712975237974,-0.48250227014464414,-0.6005030984417672,-0.3360914019144542,-0.21719550528192277,-0.6859943405700354,-1.3333333333333335,1.2120791238484125,-0.1734107437528355,0.88394739280119,-1.0183461934545501,-1.381851125988809,-0.37261592822336936,-1.7697557993663242,-0.8450991373624215,1.3628928183942877,0.04724197406052667,0.0,0.0,0.0,0.0,1.0,0.0,1.0
1.004005392885482,0.893039417629524,-0.027837418993207182,0.2164490431654995,-0.46926568752711767,0.6418999605901701,-0.9861527194491856,-0.3727521656431053,1.1398406001093466,-0.6859943405700354,0.75,1.2120791238484125,-0.9670625045202935,-0.3698786962785404,0.45751785503030507,0.7111727218507051,1.201012138642657,-0.40351534872255657,-1.0067753892398705,-1.2486175787773053,-0.6687542125133304,0.0,0.0,1.0,0.0,0.0,0.0,1.0
-1.4532594088501496,-0.915682853770037,-0.1832708767418475,0.210319687522091,0.24176612011598914,-0.7783807056011113,-1.4723602420214226,-0.21667251207482643,-0.9883800629362589,-0.6859943405700354,0.75,-0.8250286473253902,1.837319106339185,0.25703434826132476,-1.0183461934545501,0.593092943590247,-1.1562854580056179,-0.06985335951071552,-1.210608624389316,1.3628928183942877,0.04724197406052667,1.0,0.0,0.0,0.0,0.0,0.0,1.0
-1.2219935650557294,-0.3725175228924925,0.5274395616542571,2.353562962998604,0.8154438533062108,-0.5978336568680538,-0.8277741436604433,0.39999005138006716,-1.070448164338348,1.457737973711325,-1.3333333333333335,-0.8250286473253902,-1.246713848707902,-1.310248263088338,-1.6086918128484922,0.36827207839350656,-0.6636722756985882,0.018384014841459875,0.9212053602516469,0.6631407164466787,1.287383747232011,0.0,0.0,1.0,0.0,0.0,1.0,0.0
0.28045220673289867,0.7386169489189576,-0.8051647699973892,0.530229250314328,0.11224947965132398,0.726467412117329,1.6157765848202355,0.8263934440036171,-0.6231030212679368,1.457737973711325,0.75,-0.8250286473253902,-1.316941563053408,-0.683335218548473,1.6382090938181892,0.1410417098595007,0.7842723724072876,-0.7127729476801203,1.9456174211818635,-0.03661138550093039,1.4792343472082392,0.0,1.0,0.0,0.0,0.0,1.0,0.0
0.6116578335602239,0.8311116259201327,-0.9165578436508411,-0.07662939093525917,-0.7681471121581118,-0.5993701430629655,-0.6638922143641676,-0.3232298052489865,-0.43306110454887337,-0.6859943405700354,0.75,-0.8250286473253902,-0.6931953347498983,0.88394739280119,-1.0183461934545501,-0.6861231760865,0.99421507197244,-1.1205453532408052,-0.8716738158111828,1.3628928183942877,0.04724197406052667,0.0,1.0,0.0,0.0,0.0,1.0,0.0
0.8086175528912968,0.6942480774953033,-1.279036840270853,-0.38303605666615487,-0.26831302662792217,-0.8530300191225105,1.5725275298514478,-0.12993164180593764,0.34711729179044876,-0.6859943405700354,-1.3333333333333335,1.2120791238484125,0.6721834590584724,-0.3698786962785404,1.0478634744242472,1.0934490343793848,0.9257235861985821,-0.9578105016525853,0.06590252855283471,-1.2486175787773053,0.7632381606343831,0.0,0.0,0.0,1.0,0.0,0.0,1.0
0.7718461844284511,1.0691680170223263,1.313683556169152,-0.7261264480972642,-0.5360094443448453,-1.158286335474085,-0.08117672987894631,-0.43132702526649824,0.8735223395848847,1.457737973711325,0.75,-0.8250286473253902,-0.5486364324614904,-0.9967917408184056,0.7526906647272761,0.6675364872647084,1.2948525440364074,0.8594999343702429,1.2342020934165097,-1.4361155893961477,0.047241974060526326,0.0,0.0,0.0,0.0,1.0,0.0,1.0
0.13160025145229973,-0.10924568907413874,-0.9962350357078463,-0.9168701073365751,-0.4539834489026266,0.062341134744409554,-0.5515490437360371,0.7096427175854275,0.2786284104914358,1.457737973711325,0.75,-0.8250286473253902,0.09679040681544092,1.1974039150711224,-1.0183461934545501,-0.6955416817748826,-0.07938841425452028,-0.6766701370598255,1.0370074676505616,1.3628928183942877,0.04724197406052667,0.0,0.0,0.0,0.0,1.0,0.0,1.0
2.016404018654347,-0.652816754900545,0.780757712259201,0.7666691421906718,-0.3847788381015541,-0.0763236942000931,0.937668538203559,-0.6301368869523771,0.3381668538069337,-0.6859943405700354,-1.3333333333333335,1.2120791238484125,-0.6873351979019238,-0.683335218548473,-1.0183461934545501,1.8231427913308456,-0.18780454040783479,0.029065997924259023,-0.2002500012284741,1.3628928183942877,0.04724197406052667,0.0,0.0,0.0,1.0,0.0,1.0,0.0
-0.014650338507375838,0.6184148869442335,0.5012227513658812,1.0749502542383782,2.323231914251632,-0.2807506923233596,-0.5428920031253002,-0.7079649172309822,-0.7610626672036903,-0.6859943405700354,0.75,-0.8250286473253902,0.25916461409260505,-1.6237047853582707,-0.13282776436363702,-0.7377006497347924,0.5666261662540181,1.4034063113104358,-0.8209467839049247,-0.03661138550092988,-1.3847503990871861,0.0,0.0,1.0,0.0,0.0,1.0,0.0
0.43694366565254067,-0.5935976000229337,0.17855176733869518,1.1065369750346394,-0.8653185198532177,1.9973288158312679,-1.8880341360822483,0.03225233547235349,-0.7336637395914599,-0.6859943405700354,-1.3333333333333335,-0.8250286473253902,0.7442571948283566,-0.05642217400860782,-0.7231733837575791,-0.0541111364179646,-0.474260602120426,-0.8256404520969929,-1.3848719803845895,1.1753948077754455,-0.6687542125133294,1.0,0.0,0.0,0.0,0.0,1.0,0.0
-0.5069699075777285,-2.5973879950003718,-2.6235794022327195,1.5739996020304419,1.929481224755181,-0.28745391930999487,-1.1709719145602395,0.5002549299247582,-1.5863186679104373,-0.6859943405700354,-1.3333333333333335,-0.8250286473253902,-1.4403127735715116,-1.6237047853582707,-0.7231733837575791,-1.5023758103883793,-2.4780119389962327,0.06621445585093567,-1.0842573135381635,1.1753948077754455,-0.6687542125133294,0.0,0.0,0.0,0.0,1.0,0.0,1.0
0.3952278759325177,0.25753051986044934,-0.06302625604507162,0.6134034120769478,0.35822443650422364,-0.15815182009549875,-1.1744342847982743,-0.6986546871550743,1.7429862673705787,-0.6859943405700354,-1.3333333333333335,1.2120791238484125,0.73812483453834,-1.310248263088338,1.6382090938181892,-0.9884174469265085,0.3523541439264261,-0.05754704835825745,-1.085708846256477,-0.03661138550093039,1.4792343472082392,0.0,0.0,0.0,1.0,0.0,0.0,1.0
-0.010118855452064968,1.0312954431032306,-1.3142372347136504,-0.5093393851967981,0.8337162884554765,-0.8372276720808337,0.6274646788784365,-0.4105967137043656,0.7270340919174099,-0.6859943405700354,0.75,1.2120791238484125,1.1420644336298142,0.5704908705312574,1.6382090938181892,-0.9221904132158117,0.9574188724365036,-0.2507000765645513,-0.3302970557610147,-0.03661138550093039,1.4792343472082392,0.0,0.0,0.0,0.0,1.0,1.0,0.0
0.6433803192794243,0.129629533620373,0.8603633192851442,-0.283804766883387,0.5363021302093433,1.3393456904392365,-0.9141229464969014,0.7009657301595241,-0.8523357384560144,-0.6859943405700354,0.75,1.2120791238484125,-1.8380657966950413,-0.05642217400860782,-0.13282776436363702,0.019026644480613582,0.29980280744188625,1.041617171553977,-0.9765782800502185,-0.03661138550092988,-1.3847503990871861,1.0,0.0,0.0,0.0,0.0,0.0,1.0
1.6375384824247199,1.0116890572802155,-0.7395586271099491,0.5781592634550644,-1.3720423697538071,-0.9604235237597296,-0.8381333846668783,-0.6509737335833683,1.7473206865856756,-0.6859943405700354,-1.3333333333333335,1.2120791238484125,-1.0784941681844318,0.88394739280119,0.7526906647272761,1.69654229443793,1.5654874056139267,-1.607711886513969,-0.9447211048599659,-1.4361155893961477,0.047241974060526326,1.0,0.0,0.0,0.0,0.0,1.0,0.0
0.3536954999098161,1.356449987054871,0.6525171541159549,0.25967466461859917,-0.7654000189758108,2.5437663789315876,1.64694688667842,-0.6217352200770174,-1.186235614037459,-0.6859943405700354,-1.3333333333333335,-0.8250286473253902,-0.3080572564846175,0.25703434826132476,-0.13282776436363702,-0.01986964047226865,1.4145074157661008,-0.11576439357212881,0.09710142522874735,-0.03661138550092988,-1.3847503990871861,1.0,0.0,0.0,0.0,0.0,0.0,1.0
-0.48702621423793707,0.38722864270889445,1.6291714278859548,-0.6514691927517954,-1.1563455590243796,0.191536257430566,0.5136416797565528,0.8851077910777684,-1.0740900488874667,-0.6859943405700354,-1.3333333333333335,-0.8250286473253902,-0.4598407708276028,-1.6237047853582707,1.3430362841212182,-1.0169857384989553,0.1978441709767074,0.6722156576930213,-0.3780151783081189,-0.7363634874485396,1.2873837472320107,0.0,1.0,0.0,0.0,0.0,0.0,1.0
0.5087519853278157,0.5445518843592974,0.7980499322119353,0.23749592006162915,0.057945696577772675,-1.1317676243676817,-0.21543202621545857,-1.2414063140191376,0.1658730522627622,-0.6859943405700354,0.75,1.2120791238484125,-0.29663210327588496,1.1974039150711224,1.6382090938181892,-0.5655781189680414,0.6722721832929437,0.5095306488756343,-0.6836654310324405,-0.03661138550093039,1.4792343472082392,0.0,1.0,0.0,0.0,0.0,0.0,1.0
-0.5077799385977857,0.21534299914139512,-0.754818726090817,-1.7603336201757398,-0.3222350864184961,-0.8694578714100565,-1.273188728445554,0.6917227105794305,0.27958068645724343,-0.6859943405700354,0.75,-0.8250286473253902,0.2804864149663698,-0.3698786962785404,-1.6086918128484922,-1.3026082814733508,0.037489527437980605,-0.11497650616542261,-1.1271097641762895,0.6631407164466787,1.287383747232011,0.0,1.0,0.0,0.0,0.0,1.0,0.0
0.08393016882132703,1.1102492995106825,1.0569526448063575,0.6128980054929836,-0.22053599558129594,1.8585485542193696,-0.6800161608657809,1.629339606490076,-0.017225129690493113,-0.6859943405700354,-1.3333333333333335,-0.8250286473253902,0.8244393550176319,-1.310248263088338,-1.0183461934545501,-1.1473648261172589,1.0685182324334233,0.38532551086010136,-0.8784334730073795,1.3628928183942877,0.04724197406052667,0.0,0.0,0.0,1.0,0.0,1.0,0.0
0.6609087184588076,1.5058222019435086,-1.2573486154359446,-1.169087010043846,2.415237344221701,0.09992053678195631,-1.1058198995779782,1.7868869120496143,0.9988279668084704,-0.6859943405700354,-1.3333333333333335,1.2120791238484125,-0.8405790787488524,0.5704908705312574,-0.42800057406060804,0.027773382809267926,1.6922062183505846,1.014970560778317,-1.0569435732651171,0.6631407164466787,-1.1928997991109578,1.0,0.0,0.0,0.0,0.0,1.0,0.0
-0.17120481090142078,-1.0220498323398481,-1.288922837976352,-1.2787959498851116,-0.15968927093009688,-1.1028312744044693,1.0883129973492913,-0.46449895725755636,-0.09482886524397806,1.457737973711325,0.75,1.2120791238484125,0.3805455417615324,-1.310248263088338,1.6382090938181892,-1.1306952675181379,-1.0077565385464715,-0.5717414919541046,1.7244883672977558,-0.03661138550093039,1.4792343472082392,0.0,0.0,0.0,0.0,1.0,1.0,0.0
0.6357589397081246,-0.7019546794811754,-1.237755876524937,-0.0004826983721026633,-1.0654840478946754,-0.489264559746543,0.632398873112218,0.015711080772779655,-0.7011617444788363,-0.6859943405700354,0.75,-0.8250286473253902,0.12459113488934699,-0.3698786962785404,1.3430362841212182,0.013396978849305638,-0.538667725187904,-1.563777350536024,-0.3282284888902132,-0.7363634874485396,1.2873837472320107,0.0,1.0,0.0,0.0,0.0,1.0,0.0
-0.041026168185065964,-0.35096363041999656,-0.9761968964902489,-1.093841094327426,-1.2870779662285876,0.4697817536025603,0.3835274546895898,0.7602293773993901,-0.26863488984045236,1.457737973711325,0.75,1.2120791238484125,1.3891367305435458,-1.6237047853582707,1.0478634744242472,-1.1696871954563708,-0.35336095420740354,-1.1169313000431373,1.4290204640311202,-1.2486175787773053,0.7632381606343831,0.0,1.0,0.0,0.0,0.0,1.0,0.0
-0.7529630907242029,-1.4058928218027154,-1.4029228797188869,-0.22952306282853563,-0.8028293013800796,0.5535996866803667,2.1716431401923346,-0.2747248829994077,-0.06633394332111987,-0.6859943405700354,-1.3333333333333335,-0.8250286473253902,-0.2121092305155372,-1.310248263088338,-1.0183461934545501,-0.5883499103084707,-1.4480101506316478,-1.4353917688329785,0.3170703271057123,1.3628928183942877,0.04724197406052667,0.0,0.0,0.0,0.0,1.0,0.0,1.0
-0.6749288391491133,-1.1398335783272266,-1.107260134579645,1.8300932303084707,1.1308911303136862,-0.5507263574936809,-0.4353040897850788,-0.547407785829244,-0.41137458170699276,1.457737973711325,-1.3333333333333335,1.2120791238484125,-0.08437602838754053,1.1974039150711224,-0.42800057406060804,-0.3154193627488945,-1.203069102798462,-0.767244149041921,1.0857409485894582,0.6631407164466787,-1.1928997991109578,0.0,0.0,0.0,0.0,1.0,1.0,0.0
-0.08054440717948906,-0.4933231560882818,-0.17764263837582786,1.2983261632944587,-0.2727212917593141,0.8406677232297021,-0.3310256674878576,-0.013276151462057411,-0.3938218878405824,-0.6859943405700354,0.75,1.2120791238484125,0.4628074750420058,-1.6237047853582707,-0.7231733837575791,-0.871293117688468,-0.49638387444409504,-0.7816477882247784,-0.7321258615469782,1.1753948077754455,-0.6687542125133294,0.0,0.0,0.0,1.0,0.0,0.0,1.0
0.26427699254716996,-0.3256246061662552,-1.3219509415822952,-0.6192212812715255,1.0993848821653802,2.5437663789315876,-0.5783825239228725,-0.7691216916709426,0.027427636155232797,-0.6859943405700354,-1.3333333333333335,-0.8250286473253902,-1.4947918559712698,-1.310248263088338,0.45751785503030507,-1.272151984814581,-0.25317083522909783,-0.05081749877874987,-0.8358255081851172,-1.2486175787773053,-0.6687542125133304,0.0,0.0,0.0,1.0,0.0,1.0,0.0
-0.32137963372348405,0.6037551424842652,1.1358856635467658,-0.9351119493000443,-0.37070213152609033,-0.3962485727700979,0.010320115865038853,-0.5411117076631411,0.14890674314612026,-0.6859943405700354,-1.3333333333333335,1.2120791238484125,1.3990665883002873,-1.310248263088338,0.16234504533333402,-0.7685566191785141,0.4483451802415282,0.910901572985958,-0.5890231490316548,-0.7363634874485385,-1.192899799110958,0.0,0.0,0.0,0.0,1.0,0.0,1.0
-1.784975279319208,-1.8353017358050228,0.233411547252569,-1.9692542154346255,0.1500130296320391,1.9977753379393641,2.5289739331213053,0.9897554077816585,-0.45795272826505706,-0.6859943405700354,-1.3333333333333335,1.2120791238484125,0.3371142804945927,1.510860437341055,0.7526906647272761,1.4107111827053216,-1.928415537150396,0.9638224777210246,0.3740200458395802,-1.4361155893961477,0.047241974060526326,0.0,1.0,0.0,0.0,0.0,0.0,1.0
1.1923028627768926,1.8127618240545251,0.2973273996295887,-0.233400643028359,-0.584815309134671,-0.556192924009811,0.7346617665978964,-1.617162086277884,-1.0769677047060315,-0.6859943405700354,-1.3333333333333335,-0.8250286473253902,-0.48521320536953155,-0.9967917408184056,-1.0183461934545501,1.273252526188693,2.2450946904804363,-0.07883325102874453,-0.2853567202580608,1.3628928183942877,0.04724197406052667,0.0,0.0,0.0,0.0,1.0,0.0,1.0
0.42738860943174406,-1.1810872536236983,1.3076213878712633,-0.5190631842498488,0.23574994498432658,0.0010801192140069257,-0.4073676209807632,0.4452530955150273,0.3330380581344497,-0.6859943405700354,0.75,1.2120791238484125,-1.140136707804075,-0.9967917408184056,-0.13282776436363702,-0.1408112939665614,-1.055262160108798,1.2606433590750872,-0.7641307702241688,-0.03661138550092988,-1.3847503990871861,0.0,0.0,0.0,1.0,0.0,1.0,0.0
0.9025651751960241,0.641464863605521,-0.11355499514053054,2.180500853631477,0.8975184316023432,-0.3220445284702062,0.5838276548507065,-1.645505799815713,2.4336422796749773,1.457737973711325,0.75,-0.8250286473253902,-0.012835091778407666,-0.3698786962785404,-1.6086918128484922,0.7658035577279589,0.9040997813767273,-0.3272991128252663,1.5129925045785924,0.6631407164466787,1.287383747232011,0.0,0.0,1.0,0.0,0.0,1.0,0.0
-0.4644604145233529,-0.7077971664213182,-0.7416069330558063,-0.8920012293278963,1.0356196132368034,-1.2547441009672178,-1.3041916961719875,-1.6660547233692955,-0.6677587997260375,-0.6859943405700354,0.75,-0.8250286473253902,0.3578228547634415,0.88394739280119,1.0478634744242472,-1.6930516746473991,-0.778880753131621,0.42478235034750833,-1.1401071673786927,-1.2486175787773053,0.7632381606343831,0.0,0.0,1.0,0.0,0.0,1.0,0.0
-0.11943314602493234,-0.4586464507824978,-1.0442937327658741,0.8937777621225964,0.02633611604199525,0.39188352160409046,0.059198207867312336,-0.014713154565812044,2.364021704485539,1.457737973711325,0.75,-0.8250286473253902,2.3257842937083697,-0.3698786962785404,0.45751785503030507,-0.1605671229519214,-0.4731555886892291,-1.0698863312882212,1.293051610065999,-1.2486175787773053,-0.6687542125133304,0.0,0.0,1.0,0.0,0.0,0.0,1.0
-1.3190897272409552,0.18903101153582658,-1.1038669650412807,-0.07956370834326584,0.8725242216617535,-0.40371902005651644,1.3142384735262997,-0.6039111606548985,1.4800064789714513,1.457737973711325,0.75,-0.8250286473253902,-0.5791485147018577,1.1974039150711224,1.3430362841212182,0.3637183891474134,-0.2296283050750192,-0.2318274326339872,1.8192033163141945,-0.7363634874485396,1.2873837472320107,0.0,0.0,0.0,0.0,1.0,0.0,1.0
0.18458930464733972,0.8478600681160486,-0.13321102735266052,0.6797615206471398,-0.8886485994374443,-0.8996819819638153,-1.1272746567509166,-0.34076851646562367,-0.11128985145387706,1.457737973711325,-1.3333333333333335,1.2120791238484125,1.651011976308281,-0.3698786962785404,1.3430362841212182,-0.6622627578646239,0.8554234813969294,-0.9086765033065763,0.795645479587563,-0.7363634874485396,1.2873837472320107,0.0,0.0,1.0,0.0,0.0,1.0,0.0
-1.7329892296654255,0.277382384974789,0.6829272104425879,-0.9094771557430731,-0.9162358386409569,-0.6863758219916384,-0.6848130815087011,-1.154861476987548,-0.5732819721771252,-0.6859943405700354,0.75,-0.8250286473253902,0.6258069919040867,0.5704908705312574,-0.7231733837575791,0.890826519197053,-0.2854116997116962,0.23692839977315344,-0.8804444905420914,1.1753948077754455,-0.6687542125133294,0.0,0.0,0.0,0.0,1.0,0.0,1.0
0.31087947682877004,0.6547084155875782,0.23474188431380993,0.19885363372893516,0.36773302484665077,0.09549549593092958,-1.2574173308577143,0.37352518673620877,-0.6259264418411237,1.457737973711325,0.75,-0.8250286473253902,0.6516184676683374,-1.6237047853582707,-0.7231733837575791,-0.3138724592022351,0.7133096154262253,0.3125595567235176,0.7410856444088563,1.1753948077754455,-0.6687542125133294,0.0,0.0,0.0,1.0,0.0,1.0,0.0
-0.9770912331927182,0.30943256207418135,1.329096384511762,0.8071845931715925,-1.4113109448383063,0.1591473131791112,-0.9802723954933761,0.30937807137543016,-0.37061617160604793,-0.6859943405700354,0.75,1.2120791238484125,-0.16135058005537362,1.510860437341055,1.6382090938181892,-0.4160900265917342,-0.02476500887107818,-0.231842645666943,-1.0043101755194035,-0.03661138550093039,1.4792343472082392,0.0,0.0,0.0,0.0,1.0,0.0,1.0
0.8076548020150569,1.171535832513875,-0.7183668254098097,-0.5817028725124694,1.3055829924955336,2.140565728437257,0.009627890824234939,0.3222197618575325,0.626594211314501,1.457737973711325,-1.3333333333333335,-0.8250286473253902,0.3046202879444992,-0.3698786962785404,-1.0183461934545501,0.6506474264001005,1.4133207808185453,0.49685601538655333,1.2722701996163632,1.3628928183942877,0.04724197406052667,0.0,0.0,0.0,0.0,1.0,0.0,1.0
1.4161253618026504,1.3974763042483118,-0.14055988351766133,-0.17293496415983103,-0.9415277412708245,-0.4114829488311311,-1.4311330591651656,1.205257111608666,-0.6274183478966445,-0.6859943405700354,-1.3333333333333335,1.2120791238484125,0.4209672632386707,-0.3698786962785404,1.6382090938181892,1.5889955839500365,1.898519305415688,-0.6370370306292242,-1.1933249139003648,-0.03661138550093039,1.4792343472082392,0.0,0.0,0.0,0.0,1.0,0.0,1.0
-1.0263853321655876,-0.6325576902064582,-0.719892318017031,0.044114501476427426,1.6033103608721062,-0.38602111127870453,1.0726001247957722,-0.7498095084626984,0.8817402537224293,-0.6859943405700354,0.75,-0.8250286473253902,-0.4529926925926631,-1.310248263088338,-1.0183461934545501,0.04929373468578686,-0.835072876646962,0.4538114942841613,-0.1436825057824284,1.3628928183942877,0.04724197406052667,0.0,0.0,0.0,1.0,0.0,1.0,0.0
-1.0665685149110742,-1.3238110563756522,-0.04600032175578176,-0.8734962187353685,0.578060218507712,0.656285979702159,0.050389769426337314,-0.2127929932145197,-0.4006637336514576,1.457737973711325,0.75,1.2120791238484125,-0.3859501057285237,-1.6237047853582707,1.3430362841212182,-0.35121527818761294,-1.4245611590176657,0.6319018430950274,1.2893588401669651,-0.7363634874485396,1.2873837472320107,1.0,0.0,0.0,0.0,0.0,1.0,0.0
-0.2846113771691628,0.18039509228001088,-0.5158698405419226,1.5007670383962877,0.8178906869323762,0.6494809190871704,-1.1326230438376526,0.8718308834931562,-0.6082914680819377,-0.6859943405700354,0.75,-0.8250286473253902,-0.4949166046689672,0.5704908705312574,1.3430362841212182,-1.3520737582827287,0.07305058388747035,-0.41842464536188057,-1.068180280541309,-0.7363634874485396,1.2873837472320107,0.0,0.0,0.0,1.0,0.0,1.0,0.0
1.5444151529175354,0.3722022686734299,0.4247829971575573,-0.0654814798284719,-1.0984421765535446,-0.5684901289356712,2.3245249246230695,-0.8792447845449946,-0.9159608222948898,-0.6859943405700354,0.75,1.2120791238484125,1.2918335046314762,0.5704908705312574,-0.13282776436363702,1.5467798388468912,0.830490397233769,-0.3683856592797781,0.3740200458395802,-0.03661138550092988,-1.3847503990871861,0.0,0.0,0.0,1.0,0.0,1.0,0.0
-0.04662986970305787,-0.6727775537920531,-1.582748911801694,-1.4505336042580297,2.8898414837008897,1.7207510630678762,0.20043252268354542,0.06733228209198211,-0.9959367098919601,-0.6859943405700354,0.75,1.2120791238484125,-0.5674035150200851,-0.9967917408184056,-1.6086918128484922,-1.5350627848588394,-0.6569958549549614,1.1795109748818609,-0.5093221466307587,0.6631407164466787,1.287383747232011,0.0,0.0,0.0,1.0,0.0,1.0,0.0
-0.0038192719456601235,-0.9685892870045238,-0.5262854838022623,0.31698270086329755,-1.106734906826354,-0.7817167343083792,-0.7150529410418028,-1.1267623808870992,1.2178447173488258,-0.6859943405700354,0.75,1.2120791238484125,0.33714160695337175,-0.683335218548473,1.0478634744242472,-1.769552723675852,-0.9267893106967395,-1.1945951678756592,-0.8931219751817518,-1.2486175787773053,0.7632381606343831,0.0,0.0,0.0,0.0,1.0,1.0,0.0
-1.1308499621028723,-0.37439619932607104,-0.9504402933460796,2.1789323729646934,1.7591993043136709,-0.9502371438778964,0.05132721852483925,-1.058736930565313,2.449480632655078,1.457737973711325,-1.3333333333333335,-0.8250286473253902,0.19042408148999856,1.1974039150711224,-0.42800057406060804,0.3102716139631726,-0.6428528801615149,-0.39016285400917494,1.2897518478306984,0.6631407164466787,-1.1928997991109578,0.0,1.0,0.0,0.0,0.0,0.0,1.0
0.06457313793861992,0.16716192835299173,0.9068253455297759,1.9175898393879518,2.8898414837008897,-0.7141735941631886,-1.1144032179328494,0.505538803815057,2.1963286585603203,-0.6859943405700354,-1.3333333333333335,-0.8250286473253902,-1.6795225971159176,-0.05642217400860782,1.0478634744242472,-1.3885271989207073,0.16502399798581285,1.7410370788429708,-1.0605419658595694,-1.2486175787773053,0.7632381606343831,1.0,0.0,0.0,0.0,0.0,0.0,1.0
0.930894381687529,-0.9179247332785757,0.3863284722300062,1.2452652094545202,0.5869251745976023,1.0895904936808665,1.6738681097256782,0.1720204426423731,0.25200252746481216,-0.6859943405700354,-1.3333333333333335,1.2120791238484125,0.7822230616749449,0.88394739280119,-1.0183461934545501,0.8684714131752334,-0.6990150008603182,0.17756724786881273,0.10838763478566993,1.3628928183942877,0.04724197406052667,0.0,0.0,0.0,1.0,0.0,0.0,1.0
-1.0657524661366211,0.4665292157507791,-0.07311963112721834,-0.806549631328743,0.5174993619145368,0.8216301517689919,1.796243640733032,1.9043742893149231,-1.4578100435906682,1.457737973711325,-1.3333333333333335,1.2120791238484125,-1.8269015756288653,0.25703434826132476,0.16234504533333402,0.13091017461967447,0.07954673746986209,0.5504026774606404,2.0212747940871454,-0.7363634874485385,-1.192899799110958,1.0,0.0,0.0,0.0,0.0,1.0,0.0
1.3518105124284612,0.9442022448865603,0.2875376959617687,-1.151556645109368,0.13377105467492725,-0.1470388323096682,-0.628723897077374,-0.6461556689626063,-1.388177615489417,-0.6859943405700354,0.75,-0.8250286473253902,0.18399248659274808,1.510860437341055,1.3430362841212182,1.4612320292176482,1.3842693681823646,0.6953915576115836,-0.8569301692106425,-0.7363634874485396,1.2873837472320107,0.0,0.0,0.0,0.0,1.0,1.0,0.0
0.9289950230470687,1.1519604989331067,1.1767166459906835,1.9820148878161215,0.037013127865094746,1.882752896653351,0.5287810031109449,1.2955174796558995,-0.6500312547034149,-0.6859943405700354,0.75,-0.8250286473253902,-0.506551190733308,-0.683335218548473,0.45751785503030507,0.8214490352500287,1.4411065165652535,0.13414114673826025,-0.37166830559629094,-1.2486175787773053,-0.6687542125133304,0.0,0.0,1.0,0.0,0.0,0.0,1.0
-0.13612455017942263,0.13319545024962923,1.511522890145745,0.8229284779927235,-0.3305838675272874,-0.3490138847631187,0.6991588198296047,0.4004026792613003,-0.9910115753867843,-0.6859943405700354,-1.3333333333333335,-0.8250286473253902,-2.0273044194807697,0.88394739280119,-1.3135190031515211,-0.7035161362581049,0.07358838384175241,0.5664549419730038,-0.3002406538895983,1.1753948077754452,0.7632381606343831,0.0,1.0,0.0,0.0,0.0,1.0,0.0
-0.029303297895727182,-0.372293146336692,0.3182062631292567,-0.11778806306534045,0.6666003888529698,1.496610748602467,-1.352615270074295,1.107541687022927,-0.8018330098842661,1.457737973711325,0.75,1.2120791238484125,-0.6137163579466955,-0.05642217400860782,0.16234504533333402,-0.9498051078543504,-0.37052571161447223,0.6736421732579373,0.7011757231731294,-0.7363634874485385,-1.192899799110958,0.0,1.0,0.0,0.0,0.0,0.0,1.0
1.306412590629463,0.2565068254420453,0.38575090140092944,0.8145305331600855,-0.10484223925717674,-0.35955175384851373,2.23078335962023,0.1535712943714035,-0.6443157955959014,-0.6859943405700354,0.75,-0.8250286473253902,1.2756949072303696,-0.05642217400860782,0.16234504533333402,1.1690616569086345,0.6309022725318791,-0.09723398375236705,0.34186373669687103,-0.7363634874485385,-1.192899799110958,0.0,0.0,1.0,0.0,0.0,1.0,0.0
0.0036362811974442735,2.3227840696912017,-1.2035691792989727,-0.010784275986005997,-0.14514301011787287,-0.17237649267799363,-0.03566211939443235,2.533021524563152,-0.6765747909200995,-0.6859943405700354,0.75,-0.8250286473253902,-2.109200840664168,1.510860437341055,-1.0183461934545501,-1.7301198930108508,2.181954069945024,-0.9622320304256891,-0.608300324593965,1.3628928183942877,0.04724197406052667,0.0,0.0,1.0,0.0,0.0,1.0,0.0
0.37207770719399424,-1.3493881705335584,-0.6846873274657324,-0.312766376665168,-0.9850124465271319,-0.9356026125799934,-0.5369506440750139,-0.4484117396763955,-0.19339718772254233,-0.6859943405700354,-1.3333333333333335,-0.8250286473253902,1.4116676701717432,-0.9967917408184056,0.45751785503030507,-0.4208936000518638,-1.2294194754149372,-1.00353782585147,-0.8184559823846246,-1.2486175787773053,-0.6687542125133304,0.0,0.0,0.0,1.0,0.0,1.0,0.0
-2.896562446421527,0.5500280019205522,-0.38235927174838513,-0.4104057741815723,2.2475233070400904,-0.3467500811310616,-1.0566116183681535,-0.8327254497712366,-1.6150703266989679,-0.6859943405700354,0.75,-0.8250286473253902,0.26675415085352716,-1.6237047853582707,0.7526906647272761,1.8487506985932376,-0.4642845429896182,1.262320390131752,-1.036313939436998,-1.4361155893961477,0.047241974060526326,0.0,0.0,0.0,1.0,0.0,1.0,0.0
-0.32599617558032173,0.8510480351190439,-0.6584817893209031,-1.0758882132778926,0.6925483097000064,-0.4327047400397624,1.7024825546675442,-0.4040877992058741,1.5041312380553105,-0.6859943405700354,-1.3333333333333335,1.2120791238484125,-0.24176085987182724,0.5704908705312574,-0.7231733837575791,-1.5963867603365691,0.6723089070215945,0.33751536693383083,0.12038369534361759,1.1753948077754455,-0.6687542125133294,0.0,0.0,0.0,1.0,0.0,1.0,0.0
1.998090318990178,0.41654746677674753,-0.6817684817871074,-0.38747125379417724,-0.8619238381450054,1.4291532751320668,-1.4959842432616839,-1.3592483304630312,1.367706233556604,1.457737973711325,-1.3333333333333335,-0.8250286473253902,-1.6053806455328634,-0.683335218548473,0.45751785503030507,1.8093064517671475,1.0252550755840235,-0.8976262130619249,0.6410710142409518,-1.2486175787773053,-0.6687542125133304,0.0,0.0,1.0,0.0,0.0,0.0,1.0
0.2953794174268425,0.8417701603740964,0.4757036128307234,0.5833090445636456,0.3957300864401986,-1.106311496719253,-0.9863927095639183,0.40824311083461806,-0.8078275240530663,-0.6859943405700354,-1.3333333333333335,-0.8250286473253902,1.3401551024601477,-0.3698786962785404,1.0478634744242472,-0.521996990616443,0.8898654946142845,0.3631052014662217,-1.006876000520484,-1.2486175787773053,0.7632381606343831,0.0,0.0,1.0,0.0,0.0,1.0,0.0
2.0726531159592954,0.31823143470758153,1.0982928770831968,0.692740345007153,0.9216977539703085,1.1896487475638509,-0.4851887770584008,-1.3778932157234043,1.766379014136624,-0.6859943405700354,0.75,1.2120791238484125,-1.2745400240720404,1.510860437341055,0.16234504533333402,1.8050524715512233,0.9366840069242758,1.0974630217169419,-0.7967558063866194,-0.7363634874485385,-1.192899799110958,0.0,0.0,0.0,1.0,0.0,1.0,0.0
-0.7659376098506379,-1.2881896326006654,-1.5627346843143837,-0.85458736058142,-0.1980022602737421,-0.3676096530563642,-0.553165496126763,0.9820741410764126,-0.4756624592577389,1.457737973711325,0.75,-0.8250286473253902,-0.38074912419921353,-0.683335218548473,1.0478634744242472,0.14108744795019482,-1.3475823839590857,-0.9461198210972425,1.0363298008005637,-1.2486175787773053,0.7632381606343831,1.0,0.0,0.0,0.0,0.0,1.0,0.0
-0.4568163899118283,-0.4538270792356824,0.3017445400912878,-2.6514000465970176,-1.103914662090134,0.029875179768595873,0.1389781303802203,-1.0750787020224495,-0.9006162734850917,-0.6859943405700354,0.75,1.2120791238484125,0.9822703389110342,1.1974039150711224,-0.7231733837575791,-0.38360617921674733,-0.5488590259686421,0.4796252042843025,-0.5350857290843164,1.1753948077754455,-0.6687542125133294,0.0,1.0,0.0,0.0,0.0,1.0,0.0
1.4485827725123859,1.2377878301576055,-0.5182992139719685,-0.14572332562416698,-0.5718970449695893,0.6986708169828243,0.17464033519103697,-0.07862394617949395,1.0004655901710382,-0.6859943405700354,0.75,-0.8250286473253902,0.1671852311393527,-0.9967917408184056,-1.3135190031515211,1.3753582094855774,1.7388728979259382,-0.6875790334939943,-0.5201350295544241,1.1753948077754452,0.7632381606343831,1.0,0.0,0.0,0.0,0.0,1.0,0.0
-0.2108942818745068,-1.7844664319981576,0.02480897896602751,1.733285870922534,-0.28449401343773295,-0.12746915740505813,0.03409300399392155,2.533021524563152,-0.43655213176271757,1.457737973711325,0.75,-0.8250286473253902,0.6544693670564743,1.1974039150711224,-1.6086918128484922,-0.8823568054888012,-1.7188729663521558,-0.8018447392478322,1.2825267319285176,0.6631407164466787,1.287383747232011,0.0,0.0,1.0,0.0,0.0,1.0,0.0
0.0880518634794039,-0.016170799367762688,-0.8353084573897384,0.9518327402548884,-0.797774339608706,-0.5610080857794598,-1.1978961601398506,1.0294678545220948,-1.4191635205191067,1.457737973711325,-1.3333333333333335,1.2120791238484125,-0.274113841779482,0.88394739280119,0.16234504533333402,0.47388977339903354,-0.002564452479237638,-1.454448904160617,0.7660387605661697,-0.7363634874485385,-1.192899799110958,0.0,0.0,0.0,0.0,1.0,0.0,1.0
0.10501661427495391,-1.2570520917355303,0.562125002682046,0.5149394614544023,-0.08095145885957186,-1.1556736717800475,0.2805070212955322,-1.1197601696805477,-1.0012672474533797,1.457737973711325,0.75,-0.8250286473253902,0.1608556005502487,0.5704908705312574,-0.42800057406060804,-0.7945584295741845,-1.1815484954553317,0.15299958837118713,1.3858311112335422,0.6631407164466787,-1.1928997991109578,0.0,0.0,1.0,0.0,0.0,1.0,0.0
-0.386287498171349,-2.4504270354480857,0.15568563280944414,0.13180431549999982,0.29248698565853254,-0.5575370876845303,1.30049622631085,0.32506750136603413,-0.600916949312795,1.457737973711325,0.75,-0.8250286473253902,-0.8448177706279116,-1.6237047853582707,1.6382090938181892,-0.3359313604730501,-2.3413226345368527,0.23335668180548572,1.8134421411408252,-0.03661138550093039,1.4792343472082392,0.0,1.0,0.0,0.0,0.0,0.0,1.0
0.31531523536338457,0.9363072300884387,0.9290338352026785,0.32657666659430445,0.8538146274167687,1.9475762611625562,1.999396813683897,1.7831698887963074,1.9163844925995837e-05,1.457737973711325,-1.3333333333333335,-0.8250286473253902,0.9452219792488284,0.88394739280119,1.0478634744242472,-0.12202030744856887,0.9892346495516002,1.0668475392081072,2.106442889089825,-1.2486175787773053,0.7632381606343831,0.0,0.0,0.0,1.0,0.0,0.0,1.0
1.8625846943171747,-0.35850583573468037,0.21546392434512748,-0.053641760161222775,1.1359070707164443,0.2589174328017676,0.7043943719192016,0.1456751555437828,0.34954785009604017,1.457737973711325,0.75,1.2120791238484125,-2.5729159537793294,-0.683335218548473,-0.7231733837575791,1.783426322682434,0.10969006327923396,0.8689838890227218,1.5635378023177233,1.1753948077754455,-0.6687542125133294,1.0,0.0,0.0,0.0,0.0,0.0,1.0
-0.745478306383244,2.6182968351226226,0.7727146701075428,1.405253629363784,0.5147683540522398,-1.4659259685980233,0.54753322965374,2.1756798408637694,-0.5900313476167535,-0.6859943405700354,0.75,1.2120791238484125,0.07378631642997162,0.5704908705312574,0.16234504533333402,-1.6443398895846038,2.0589959478513205,0.3515844992960608,-0.3638067920963526,-0.7363634874485385,-1.192899799110958,1.0,0.0,0.0,0.0,0.0,1.0,0.0
0.7127775204024939,-0.53555791740935,1.8800748060919867,-1.000569408336339,-0.14152439132224576,-1.1577737572005191,-0.9063065947228071,-0.24936737164836859,1.7834308896555338,-0.6859943405700354,0.75,1.2120791238484125,0.4675671463970356,1.1974039150711224,0.16234504533333402,-0.21097826432369882,-0.35364722981132013,1.6111440190913915,-0.9733014235738914,-0.7363634874485385,-1.192899799110958,0.0,0.0,1.0,0.0,0.0,0.0,1.0
-1.3994651325655205,-0.16278957229271876,-1.1494369967500653,-0.054261935032425976,-0.42055161203427543,-0.4481319241451029,0.7758214418768014,-0.9983353485928501,-0.8837096229200365,-0.6859943405700354,-1.3333333333333335,-0.8250286473253902,0.3630271334587466,1.510860437341055,1.6382090938181892,0.7102102234958206,-0.5378867503364806,-1.0791653381874629,-0.2681013110340019,-0.03661138550093039,1.4792343472082392,1.0,0.0,0.0,0.0,0.0,0.0,1.0
1.710753913943858,0.7118287310618183,-2.157610262371249,-0.04271097317910535,-0.4053561702629082,1.1971633017601129,1.2285081933394124,0.17495536662176256,0.06537888035442141,-0.6859943405700354,0.75,-0.8250286473253902,-0.31890430197685593,-0.05642217400860782,-0.13282776436363702,1.6738881167609054,1.2604357198133174,-1.1348681186290643,-0.07832102015788178,-0.03661138550092988,-1.3847503990871861,0.0,0.0,0.0,1.0,0.0,0.0,1.0
-1.3891457748615477,-1.3293668566033345,-0.10450195037304247,-1.237836437293735,0.3016123831362513,0.15694319144770236,-0.5371072442771258,-1.3114710387103832,0.7520958974730367,-0.6859943405700354,0.75,-0.8250286473253902,-0.22499194693746666,-1.6237047853582707,-0.42800057406060804,0.2202052733753915,-1.478428629312043,0.550138360422734,-0.8185216340340532,0.6631407164466787,-1.1928997991109578,0.0,0.0,0.0,0.0,1.0,1.0,0.0
-1.8377468231423975,1.4396054491416161,-0.660351503703495,0.7963037330335112,-0.3176658127175118,-1.0460643364309712,0.47589559833720757,-1.0019978610324078,2.3148315993904376,1.457737973711325,0.75,-0.8250286473253902,-0.41379348080113393,-0.3698786962785404,-1.0183461934545501,1.1690174790892331,0.5712810035947199,-0.9734000098470923,1.4677440474196215,1.3628928183942877,0.04724197406052667,0.0,0.0,0.0,0.0,1.0,1.0,0.0
1.3852157413537332,0.6210426202415636,-0.013204232647583504,1.3705428837124962,-0.39629546903860885,0.3286423897875505,-0.355861360572351,-1.2098048514603537,-1.303419985872823,1.457737973711325,0.75,-0.8250286473253902,-2.03694692849866,0.88394739280119,-0.13282776436363702,1.5101623487839961,1.0482280644283215,-0.7669361903064599,1.119045798376363,-0.03661138550092988,-1.3847503990871861,0.0,1.0,0.0,0.0,0.0,1.0,0.0
0.029694218598719114,0.6424208178963589,0.7195362731673262,0.7260474987764409,-0.5184953426600196,-0.9747477989010939,1.7224569956065463,-0.5078698095314125,0.01738694138986629,1.457737973711325,0.75,-0.8250286473253902,0.15996795023136776,0.25703434826132476,0.7526906647272761,-0.5497222780639077,0.6045169941344667,-0.08337118158888546,1.990341149730129,-1.4361155893961477,0.047241974060526326,0.0,0.0,1.0,0.0,0.0,0.0,1.0
-2.1400159734881576,0.4866201487009823,-0.6201912073007918,-0.3713504814150304,0.047430582781529326,0.8181914617073638,0.7552046743341294,1.236107564798814,-0.07861832071727728,1.457737973711325,0.75,1.2120791238484125,1.4687280563630065,-0.9967917408184056,0.45751785503030507,1.7173113997336713,-0.25721089133334035,-0.29288236122184264,1.584839052996373,-1.2486175787773053,-0.6687542125133304,0.0,0.0,0.0,0.0,1.0,0.0,1.0
0.49238244693724226,-0.12196306942713024,-0.76407304685021,2.0754790827778065,2.8898414837008897,0.3931629814524723,0.96534741356059,0.6180414580761961,-0.594212764443293,-0.6859943405700354,0.75,1.2120791238484125,-0.07520252569265826,0.25703434826132476,-1.6086918128484922,-0.32309167252461707,0.005852248235402422,0.485366467817402,-0.18864616038398463,0.6631407164466787,1.287383747232011,0.0,0.0,1.0,0.0,0.0,0.0,1.0
0.9773495795847642,-0.9015795263026545,-0.6814014654758859,0.7016487632839835,-0.4235104119307089,-0.21190512669117187,-0.05706671095656079,-0.5630678369463383,0.33501459128453304,-0.6859943405700354,0.75,1.2120791238484125,0.5725991627946593,0.25703434826132476,0.16234504533333402,0.6113349545578834,-0.6730904271152268,-1.0200320153932108,-0.6172737915655974,-0.7363634874485385,-1.192899799110958,0.0,0.0,0.0,0.0,1.0,0.0,1.0
0.9234188299311409,0.2089337969558787,-0.900693821692055,-0.47751782869041054,0.9924653310283277,-0.6321437512825103,-0.4158943627994503,-0.3878036795988989,-1.127828394556478,-0.6859943405700354,0.75,1.2120791238484125,0.9856153329671508,1.1974039150711224,1.6382090938181892,0.49856623738579975,0.4642290018077651,0.1331981318908792,-0.7677054441843578,-0.03661138550093039,1.4792343472082392,0.0,0.0,0.0,0.0,1.0,0.0,1.0
0.4642642065153132,-0.38938648922821306,-0.2632674306074362,0.330636833274323,0.3186360438816915,-1.0727087826606014,0.671905189821317,-0.7903739519054163,2.449480632655078,-0.6859943405700354,0.75,-0.8250286473253902,-0.6778394043595195,-0.683335218548473,1.0478634744242472,-0.5084153357091947,-0.26619390744662336,-0.12306108918155817,-0.31166621872818,-1.2486175787773053,0.7632381606343831,0.0,0.0,0.0,0.0,1.0,1.0,0.0
-0.8264275530513506,0.03202826666750337,-0.7191764080830408,-1.3016032691554156,-0.7557769150024326,0.7315948622911554,2.5289739331213053,-0.6813919582260948,-0.47534841630329416,-0.6859943405700354,-1.3333333333333335,1.2120791238484125,0.020272674585241568,-0.683335218548473,-0.13282776436363702,-0.4995803218408737,-0.2172585622635419,-0.5261616303041905,0.3740200458395802,-0.03661138550092988,-1.3847503990871861,0.0,0.0,1.0,0.0,0.0,1.0,0.0
-0.09542254466344881,0.5965220631934391,1.7963914019139473,-0.35505850934277955,-0.12162279808725547,1.5964880761665283,1.4916896455423956,0.7695510595203606,-0.4375694775718807,1.457737973711325,0.75,1.2120791238484125,1.2641940010368213,0.25703434826132476,-1.3135190031515211,-0.11354914085910274,0.5185435139259964,1.3289642150107082,1.8935963373882927,1.1753948077754452,0.7632381606343831,0.0,0.0,1.0,0.0,0.0,0.0,1.0
-0.45880276336444376,0.8862673461297973,-0.3538236525681126,1.3973924284758417,1.0026650853410015,-0.17849916769875315,-0.7173794009223936,0.6742058784653472,-0.9396504737386226,-0.6859943405700354,0.75,-0.8250286473253902,0.7300871275219122,-1.310248263088338,-0.13282776436363702,-0.9009578294276996,0.6555478628700709,-0.14955140916686455,-0.8940972991368348,-0.03661138550092988,-1.3847503990871861,0.0,0.0,1.0,0.0,0.0,0.0,1.0
0.2561271714409587,-0.6379771264460046,-1.1239194436360642,0.47150375057037636,0.6612083594766188,-0.8427964562757153,-1.4276916808375026,-0.5043472079445332,-1.6285318228691632,-0.6859943405700354,0.75,1.2120791238484125,-0.5720226731815597,-1.6237047853582707,-1.0183461934545501,-1.4421319606829677,-0.5577701353880715,-0.5780818949998251,-1.191882181640301,1.3628928183942877,0.04724197406052667,0.0,1.0,0.0,0.0,0.0,0.0,1.0
-1.3095563395390106,2.036586526601962,-0.5412315503203697,1.5205804352200964,-1.2056540124379833,1.2258980884881183,-0.742165081969364,-1.160820355671279,-1.0081793507608996,-0.6859943405700354,0.75,-0.8250286473253902,1.7065031189376056,1.1974039150711224,-1.3135190031515211,0.012816254315413335,1.281460641522004,-1.7042881296326218,-0.9044882234204789,1.1753948077754452,0.7632381606343831,1.0,0.0,0.0,0.0,0.0,1.0,0.0
0.6779296557237223,1.0898887368623096,-0.4958333414064292,1.0842464397295184,0.0453252017601117,0.3110801935425831,-0.1192855926311159,-0.36007836628072654,-0.3902866291434108,-0.6859943405700354,-1.3333333333333335,-0.8250286473253902,-0.8343968268840576,0.88394739280119,-0.13282776436363702,0.3856294713504055,1.279535272013593,-0.7339368721309146,-0.6433578716144017,-0.03661138550092988,-1.3847503990871861,0.0,0.0,0.0,0.0,1.0,0.0,1.0
-0.9739541233826412,-1.6791595882295982,-0.6246031038981963,-0.41997544459010483,-0.6343879578662053,-0.9084405526836166,1.0805938794082344,0.7986863795381995,-1.079314478621731,-0.6859943405700354,0.75,-0.8250286473253902,1.522133273904034,-1.310248263088338,-0.42800057406060804,-0.6829673742482806,-1.712070655075147,-0.703085255120009,-0.1403312765479878,0.6631407164466787,-1.1928997991109578,0.0,1.0,0.0,0.0,0.0,0.0,1.0
-1.054922171514958,0.7266311876750805,-0.2652488797232336,-0.47990647631494876,1.3722225130923356,-0.20550239650469282,-1.166040039697683,0.4722607132169792,0.27799683296835476,1.457737973711325,0.75,-0.8250286473253902,-1.012457080567803,-0.683335218548473,1.3430362841212182,0.20985523013808466,0.3018645931763044,0.8263328584064868,0.7793938317807922,-0.7363634874485396,1.2873837472320107,0.0,0.0,0.0,1.0,0.0,1.0,0.0
-0.8010986751244317,-0.5860977011286813,0.5407881468168438,0.32324900693237635,0.16802679574058005,0.5410513468673139,-0.1773087694826089,0.18820125809139981,1.873878679556741,-0.6859943405700354,-1.3333333333333335,-0.8250286473253902,-0.7772725789625103,1.1974039150711224,-0.7231733837575791,-0.48953010999158664,-0.7452145456497005,0.3624428994725351,-0.6676829823998505,1.1753948077754455,-0.6687542125133294,0.0,1.0,0.0,0.0,0.0,1.0,0.0
1.553695095410496,-0.5450683777307752,2.1583723481178896,-1.6595474170431488,1.4101211140038008,-0.20644989540126538,-0.4448926419785985,0.4167745462156095,-1.0837791980969527,-0.6859943405700354,0.75,-0.8250286473253902,0.6205770579182497,0.25703434826132476,0.7526906647272761,1.641762160811283,-0.1708609761644516,3.016710489626704,-0.7798624199291632,-1.4361155893961477,0.047241974060526326,0.0,0.0,0.0,0.0,1.0,0.0,1.0
0.3816303154146545,1.8404985189541394,-0.3176474135933634,-1.3543445224560362,-0.9434404497988821,-0.5510014245382397,0.3825191773509282,1.3406760626930887,-0.2611632813762489,1.457737973711325,0.75,1.2120791238484125,-0.4222683424652487,-0.3698786962785404,-1.6086918128484922,-0.23530354842344522,1.9008508610498311,-0.33593367259242723,1.4285977629779152,0.6631407164466787,1.287383747232011,0.0,1.0,0.0,0.0,0.0,0.0,1.0
-0.8855570540855774,0.3926419847578961,0.8954724067541078,-2.0877636031578395,-0.32776409426041814,-0.6588377471197179,-0.8317535653677832,0.4747457188357387,0.6547138607141945,-0.6859943405700354,0.75,-0.8250286473253902,-0.7412218228332654,1.1974039150711224,-0.13282776436363702,-0.9979323002060895,0.07514826470682037,1.1840782399228285,-0.942046487238824,-0.03661138550092988,-1.3847503990871861,0.0,0.0,1.0,0.0,0.0,0.0,1.0
-1.5594503331206755,-0.15918662726086466,-0.1829240085352822,1.517654894711226,1.730604672860373,-0.4479271869691279,-0.9130601781274336,-1.3993206048952085,-0.7854504334795965,-0.6859943405700354,-1.3333333333333335,-0.8250286473253902,1.9271774766395995,0.25703434826132476,0.7526906647272761,1.0080765162439722,-0.5775910979356483,0.3827472049594357,-0.9761327346711237,-1.4361155893961477,0.047241974060526326,0.0,0.0,0.0,1.0,0.0,1.0,0.0
-0.3339641901660365,-0.11644828452652159,2.8605993070050735,0.9109439736323566,-1.0585913839476575,-0.45729639409374717,-0.29966399175104613,0.09439921712707672,0.4841826574532477,1.457737973711325,0.75,-0.8250286473253902,-0.5281562343417634,1.510860437341055,-1.3135190031515211,-0.32464118714852,-0.21222252266570057,1.0484935746849224,1.1426054739509655,1.1753948077754452,0.7632381606343831,1.0,0.0,0.0,0.0,0.0,1.0,0.0
-0.9953652537208499,-1.4998630668594601,-1.8546265246549485,0.4751340634675099,-1.2169245054798805,-0.07663519644777268,-0.03711379322269358,-0.6426091919642227,1.8938259656896814,1.457737973711325,0.75,-0.8250286473253902,-0.029730821554918054,-1.6237047853582707,-1.0183461934545501,-0.6937834940642746,-1.5627612310940289,-2.0458567891745902,1.2526746396274635,1.3628928183942877,0.04724197406052667,0.0,0.0,1.0,0.0,0.0,1.0,0.0
-0.7001647448199724,-1.934878052563359,0.21710528734024503,0.17007462666145653,-0.8308144714930078,-0.8960124319610487,-1.1007668362508214,-0.998303784970323,-1.3265267543140555,1.457737973711325,0.75,-0.8250286473253902,1.172165460890558,-1.6237047853582707,0.16234504533333402,-1.0452278111230286,-1.9035401033958785,-0.4362119346512331,0.8067583780073778,-0.7363634874485385,-1.192899799110958,0.0,1.0,0.0,0.0,0.0,1.0,0.0
-0.9390619663228279,0.4238738747995645,-0.12178455755406378,1.689735745854925,-0.3468575300611535,2.4586423002182385,0.05580599930723225,-0.606384167904641,-1.1722324312830714,1.457737973711325,0.75,1.2120791238484125,0.41603706210858854,0.25703434826132476,1.6382090938181892,-0.5905528137103152,0.08464564453022963,-0.9299969291141509,1.2916294912936592,-0.03661138550093039,1.4792343472082392,0.0,0.0,1.0,0.0,0.0,0.0,1.0
1.4639166457348316,0.923950255164272,-1.2895070101752657,0.461332189667198,-0.20582885704337509,-0.5923778897601228,0.5243115877107258,-1.0911666425068423,0.06874311648201634,1.457737973711325,0.75,-0.8250286473253902,0.4265969404294355,0.5704908705312574,-0.42800057406060804,1.637081654998689,1.4041671490718293,-1.23321973718861,1.4880415279990153,0.6631407164466787,-1.1928997991109578,0.0,0.0,0.0,0.0,1.0,1.0,0.0
-0.5161635623163757,0.36754057463803913,2.442602206354703,-1.157394557741652,2.377314841702144,-1.0684359221729167,0.30952306783324596,-0.9343443292457299,-0.05145205206960427,1.457737973711325,0.75,-0.8250286473253902,-1.1607060097208772,0.25703434826132476,0.16234504533333402,-0.7168115461090955,0.17094254500615444,3.6405479104539014,1.3979955356047227,-0.7363634874485385,-1.192899799110958,0.0,0.0,0.0,1.0,0.0,1.0,0.0
-0.5696983695378407,-0.30938749310752317,-1.3064757384176573,0.6934461157117356,-0.508537196584693,-0.8092376641730245,2.5289739331213053,2.533021524563152,-0.8617760817425215,-0.6859943405700354,0.75,1.2120791238484125,0.25938305769668973,1.510860437341055,-0.42800057406060804,-1.227296600811912,-0.44738355714318495,-1.5182917850437272,0.3740200458395802,0.6631407164466787,-1.1928997991109578,0.0,0.0,1.0,0.0,0.0,0.0,1.0
-0.6691914461748185,1.5773683396169658,-0.44673952237467884,-1.4124237697545319,0.7047329206707675,-0.5235605848210251,0.6929057419673882,0.1378409675701772,-0.26220100058236057,1.457737973711325,0.75,-0.8250286473253902,-0.4257666248356635,-0.9967917408184056,-0.13282776436363702,-0.10846308870877626,1.1853347356858495,0.6192463587746141,1.558721413220895,-0.03661138550092988,-1.3847503990871861,1.0,0.0,0.0,0.0,0.0,0.0,1.0
-1.7442081073526272,0.5384403029774815,-0.7004430439934434,0.9790144120112809,0.35649342545946205,2.22399741917776,-0.14766457860448526,1.0325075396914656,-0.3094986315386146,-0.6859943405700354,-1.3333333333333335,-0.8250286473253902,0.11342589739548602,-0.3698786962785404,-1.3135190031515211,0.9552016174530222,-0.08680402644298522,-0.6486074853366608,-0.6552552204884171,1.1753948077754452,0.7632381606343831,1.0,0.0,0.0,0.0,0.0,0.0,1.0
-1.0207912137229453,1.7473646383565828,-0.06303613946586085,0.5443683899804757,-0.9858493766392603,-1.0971685276947325,0.4825636318851913,-0.7941416996173313,-0.7789803904113856,-0.6859943405700354,0.75,1.2120791238484125,-1.4239710586998822,-0.05642217400860782,1.0478634744242472,-0.19009168004611032,1.1758331742683772,-0.8696984073639796,-0.3910440574300124,-1.2486175787773053,0.7632381606343831,0.0,0.0,0.0,0.0,1.0,0.0,1.0
1.0543134701451904,0.0764653205678006,-1.0444143748738055,-0.5161797926123869,1.4809152579976428,-0.4463501708791235,-0.11575046958809819,0.3633031211510951,-0.07608271576794044,-0.6859943405700354,-1.3333333333333335,1.2120791238484125,-0.6864603670350543,-0.683335218548473,0.7526906647272761,1.3101386244521012,0.36518016366450695,0.3484343575464506,-0.641875838669503,-1.4361155893961477,0.047241974060526326,1.0,0.0,0.0,0.0,0.0,1.0,0.0
-1.0728361074830903,-2.5106882498915537,-0.07863101788351899,-0.4417844777147445,0.7321485716771429,-0.7954386523814424,-1.2128032464049605,0.5796189570157482,1.5863457416539146,1.457737973711325,0.75,1.2120791238484125,0.39317195190664767,1.1974039150711224,0.7526906647272761,-0.35425138852124965,-2.4217438596116305,0.5476096703074099,0.7597892488268325,-1.4361155893961477,0.047241974060526326,0.0,1.0,0.0,0.0,0.0,0.0,1.0
1.476206134040737,-0.8576732198925926,1.1994690968216961,-0.4624998276129082,-1.4234093236957261,0.09890981796471547,-1.6368057008862047,0.025283898554486244,-0.9650946900359032,-0.6859943405700354,-1.3333333333333335,-0.8250286473253902,0.7625210836395885,-0.683335218548473,-0.42800057406060804,1.510177374207475,-0.5285010365412266,0.12902935034760818,-1.2795492481557107,0.6631407164466787,-1.1928997991109578,1.0,0.0,0.0,0.0,0.0,1.0,0.0
0.3245245633900113,-0.13649215037748882,-0.7524607041507377,0.13268592712422397,-0.12288542341080917,-1.431335972291006,-0.8067230027288446,0.17278437097763488,-0.04068009240469343,-0.6859943405700354,-1.3333333333333335,-0.8250286473253902,-0.7920571834064765,0.88394739280119,-1.6086918128484922,-0.3056569339986416,-0.053636915415520375,-0.6769852204928134,-0.9315529010159832,0.6631407164466787,1.287383747232011,0.0,0.0,0.0,1.0,0.0,1.0,0.0
-1.9440171767677685,-0.9510496704079426,-1.0384683002730237,-0.5812010920093231,-0.9591072960466993,-0.6323798963613034,-1.2365400312683905,0.9604784578841737,-0.7017964618580197,-0.6859943405700354,0.75,-0.8250286473253902,-1.171929093322278,1.510860437341055,-0.13282776436363702,1.4313287723312287,-1.2775762863941655,-1.143575718348572,-1.1117454965275435,-0.03661138550092988,-1.3847503990871861,0.0,1.0,0.0,0.0,0.0,0.0,1.0
0.7624947276971803,0.30303185059128057,-0.2235005505797989,0.2298458824625787,2.458299703050745,2.3494229441430607,-0.0417617786838337,0.31927681903649174,-0.9819659006089811,-0.6859943405700354,0.75,1.2120791238484125,0.6469286749447376,0.5704908705312574,0.7526906647272761,0.3947129260212843,0.5113853691755503,1.2748894200208716,-0.6108574904717992,-1.4361155893961477,0.047241974060526326,0.0,0.0,0.0,0.0,1.0,0.0,1.0
0.9904617068735909,0.6689347127776889,1.0947361845088035,0.3831812292369464,0.6902821920473207,-0.8616944415280644,-0.41796888242692637,0.6841906695361261,-0.6642097421931826,-0.6859943405700354,0.75,-0.8250286473253902,0.6940661095159262,-0.05642217400860782,-0.13282776436363702,0.46712361373043054,0.9629294350101595,1.063248463207724,-0.7685751469911191,-0.03661138550092988,-1.3847503990871861,0.0,0.0,0.0,1.0,0.0,1.0,0.0
-1.1583690328704435,-0.1752744396807385,-0.7279345543388068,-0.6483999242125478,-0.7326394889080204,1.016417823113003,-0.8327707148208411,-0.3962131423073427,0.37660435363933004,-0.6859943405700354,0.75,-0.8250286473253902,-2.0301051034151762,1.1974039150711224,0.7526906647272761,-0.23857869252894026,-0.4841277867979817,-0.7553878349503114,-0.9424729077568581,-1.4361155893961477,0.047241974060526326,0.0,0.0,0.0,1.0,0.0,1.0,0.0
0.2380901168780705,0.40481770596987066,-1.1880941931758908,0.35701780965753704,-0.0696157510132265,-0.9513156461514671,-0.844242362310061,0.2239859113700288,-0.09204850904047421,-0.6859943405700354,-1.3333333333333335,1.2120791238484125,-1.2678760619046046,1.510860437341055,1.0478634744242472,-1.0142329791578586,0.44653964093144294,-1.037737756631117,-0.9472821772799852,-1.2486175787773053,0.7632381606343831,0.0,1.0,0.0,0.0,0.0,1.0,0.0
0.8286663604426205,0.9171292613581812,-1.3424165496912877,0.8863304462674102,-0.5575072145558803,0.7228054907204555,-0.6017670345632229,-0.8930313470714912,0.33354296700503916,1.457737973711325,0.75,-0.8250286473253902,1.2529401178377357,1.510860437341055,1.3430362841212182,0.5302186504384165,1.1610364702676097,-1.6446599749944215,1.015954532313697,-0.7363634874485396,1.2873837472320107,0.0,0.0,0.0,1.0,0.0,0.0,1.0
0.03244503991189637,0.5822807944629177,0.6232240101526098,-0.827370186535916,1.1495082605979046,1.0853027929336183,-0.3473603091909911,-1.6054252671176577,0.11595381725538739,1.457737973711325,-1.3333333333333335,-0.8250286473253902,-0.2183509143254809,-0.3698786962785404,-1.0183461934545501,-0.5284634095138939,0.5485182312090332,1.4510378387698408,1.1226097021104455,1.3628928183942877,0.04724197406052667,0.0,0.0,0.0,1.0,0.0,1.0,0.0
1.084854733267438,-1.3661491242712251,0.8672637225088639,-0.17209027318098669,-1.0510763582068172,-0.9372391620560603,0.000437872204342006,-1.0759057036004327,0.17517866443087132,-0.6859943405700354,0.75,-0.8250286473253902,-0.1542148276364715,-0.9967917408184056,1.6382090938181892,0.6996007423483768,-1.1396790444482154,0.017186136986147946,-0.5931660912988543,-0.03661138550093039,1.4792343472082392,0.0,0.0,0.0,1.0,0.0,1.0,0.0
0.35057720565540446,-0.442979817810829,1.0232068819634155,0.35861321354521164,0.6918422097587738,-0.8152008584719302,-0.6059419167803533,-0.25998188538365025,1.384222304065317,-0.6859943405700354,-1.3333333333333335,-0.8250286473253902,0.38105014764413314,-1.310248263088338,-1.0183461934545501,-0.4594290105605346,-0.3463355343107625,1.0218498140345789,-0.8473792582693936,1.3628928183942877,0.04724197406052667,1.0,0.0,0.0,0.0,0.0,1.0,0.0
-0.17002816838731255,0.03310328635496432,0.21880835620417127,0.04141758679967485,-0.8641499732959693,-0.8345365589651065,-0.3443997188387598,-0.6393839881144463,-0.5439667354225254,1.457737973711325,0.75,-0.8250286473253902,-1.0654985371279178,0.25703434826132476,-1.0183461934545501,-0.227015166595179,-0.02921136259541748,-0.40900467772874505,1.1238508731771848,1.3628928183942877,0.04724197406052667,0.0,0.0,0.0,0.0,1.0,0.0,1.0
-1.1657371867439468,-1.4594940676110157,-0.7530578711031579,-0.3006203208850715,-0.31962347102470695,2.320438011237081,0.0856562665409456,-0.7061984221327853,1.2013028545993967,-0.6859943405700354,0.75,-0.8250286473253902,2.268599071149513,1.510860437341055,1.3430362841212182,-0.5665195091946954,-1.5524016799438976,-0.6425099556420768,-0.5574399040116342,-0.7363634874485396,1.2873837472320107,1.0,0.0,0.0,0.0,0.0,0.0,1.0
-0.15952377927312905,-0.36221082632518686,0.2523971132225645,0.04835045083033707,0.8268167621462389,-0.7981660831735534,-0.22852381735042507,1.0262087481868043,-0.9487200059986027,-0.6859943405700354,0.75,-0.8250286473253902,1.9358528398368855,-0.05642217400860782,0.45751785503030507,-0.5309337796627022,-0.3931533158579051,0.665875611291806,-0.6891539148938651,-1.2486175787773053,-0.6687542125133304,0.0,1.0,0.0,0.0,0.0,1.0,0.0
0.4461904529667922,-1.3349385978599912,1.0346610429253171,-0.12704399465468072,0.4635416867765382,0.11028916925071325,-0.7399532316708901,-0.7655033184033445,0.2540349190601232,-0.6859943405700354,0.75,-0.8250286473253902,-1.0251714551636666,1.510860437341055,1.3430362841212182,-0.5149726332005905,-1.2039961047038426,1.064330388394347,-0.9035609473478688,-0.7363634874485396,1.2873837472320107,0.0,0.0,0.0,0.0,1.0,1.0,0.0
0.08127184112885517,0.08257895713528045,-0.6015352352870926,0.8447552422108338,-0.1701473256282642,-1.3260459031128107,-0.13614359377014787,0.5027599424858852,0.42912339825529505,-0.6859943405700354,-1.3333333333333335,-0.8250286473253902,1.356508435029654,0.88394739280119,-0.7231733837575791,-0.8893537522940486,0.08950950680392097,-0.8569355735797364,-0.6504252672238792,1.1753948077754455,-0.6687542125133294,1.0,0.0,0.0,0.0,0.0,1.0,0.0
0.5621884788962218,0.9773105002192369,-0.23545766473922447,1.7517426301314314,-0.18023719854946493,-0.8430524980859714,0.3737896822231798,-0.4940686794407836,0.8904137915017153,1.457737973711325,-1.3333333333333335,-0.8250286473253902,0.8900786244880217,0.88394739280119,1.3430362841212182,0.3149324238901048,1.1222410897541315,-0.9302616292972667,1.4249380885580363,-0.7363634874485396,1.2873837472320107,1.0,0.0,0.0,0.0,0.0,0.0,1.0
1.1427212665150024,1.276262131250418,0.48859958861835623,-0.7819143316689529,-0.8570182506010513,-0.8970964013376901,-0.03344846601595221,-0.7232179467021006,-1.226251777733164,-0.6859943405700354,0.75,-0.8250286473253902,-0.5098982592057766,0.88394739280119,-1.3135190031515211,1.0128937172569485,1.6564223428229676,0.08809864571804987,-0.6073722926144349,1.1753948077754452,0.7632381606343831,1.0,0.0,0.0,0.0,0.0,1.0,0.0
-0.385046410318308,-1.425835800933041,-0.6499583941513106,-0.25653169250343383,0.9015809617561862,1.7584190297152302,-0.10685182414410256,0.043801704505485935,1.2510535097915785,-0.6859943405700354,0.75,-0.8250286473253902,-1.0201348358843978,-0.683335218548473,-0.7231733837575791,-1.930713455848998,-1.4127069168185313,0.17610187839617428,-0.6381452512040899,1.1753948077754455,-0.6687542125133294,0.0,0.0,0.0,1.0,0.0,1.0,0.0
0.920175954083484,0.6298153390851757,-0.7820766319485046,-0.6306985954642412,-0.7319137517985639,0.4427075353817522,-0.04983802772956165,-0.029081111316136426,0.16769915424603146,-0.6859943405700354,0.75,1.2120791238484125,0.4241700517427332,1.1974039150711224,-1.3135190031515211,1.0749543176630514,0.8981254449620614,-0.8001963944272842,-0.6142433039247756,1.1753948077754452,0.7632381606343831,0.0,0.0,1.0,0.0,0.0,1.0,0.0
0.8253523926067855,-1.6249633454001424,1.4638618346143457,-2.109772054235909,2.462706260332024,2.5437663789315876,0.0577219727271132,0.451184772272675,1.4818908790069656,-0.6859943405700354,0.75,-0.8250286473253902,-0.40289820944090426,0.25703434826132476,0.7526906647272761,0.07857652410698523,-1.4433633929758594,3.3378974318942314,-0.5691508241750355,-1.4361155893961477,0.047241974060526326,1.0,0.0,0.0,0.0,0.0,1.0,0.0
-0.32026032686323036,-2.0614948088039204,-1.3103984428836173,-0.03560789386596838,-1.2992522108772462,1.4685872737808132,0.17389425253321408,0.6421869763708686,-1.4004645887315945,-0.6859943405700354,-1.3333333333333335,-0.8250286473253902,-0.7234219595909606,0.25703434826132476,0.45751785503030507,-1.6423362973462277,-1.9835218734171436,-1.7487251956620962,-0.5204478104859663,-1.2486175787773053,-0.6687542125133304,0.0,0.0,1.0,0.0,0.0,1.0,0.0
0.8042044255910418,-1.0029886980047487,-0.833047948240371,-1.584367308170688,-0.0030023759186328437,-0.47453243124180583,-0.015199161167054215,-0.9875586197412405,-0.27648154101882366,-0.6859943405700354,0.75,-0.8250286473253902,0.3271370397774983,0.25703434826132476,-1.0183461934545501,0.4066384498832689,-0.81034192225211,-0.036169373236792354,-0.5997216194473478,1.3628928183942877,0.04724197406052667,0.0,0.0,0.0,0.0,1.0,1.0,0.0
-0.9535471382981829,0.6547945350887024,-0.20736557518338275,-0.5355489017162637,-0.7369934615513026,-0.31130431196774544,2.5289739331213053,0.0806330509690842,0.5453375620385914,-0.6859943405700354,0.75,-0.8250286473253902,-0.9192542949572438,-0.3698786962785404,-0.13282776436363702,-0.01298555340390457,0.27647225171800444,-0.42577711583431394,0.3740200458395802,-0.03661138550092988,-1.3847503990871861,0.0,1.0,0.0,0.0,0.0,1.0,0.0
-1.9068073858068664,-2.0820227582773425,1.2620687587111281,-0.09644472943763699,-0.9046611435113562,2.5437663789315876,0.12771511222013643,-0.5721871819558628,0.24398090520188043,-0.6859943405700354,0.75,-0.8250286473253902,-0.02827492760561107,1.510860437341055,0.45751785503030507,1.1673241356058672,-2.128073674677382,0.3640386421435642,-0.5398075347383533,-1.2486175787773053,-0.6687542125133304,0.0,0.0,0.0,1.0,0.0,0.0,1.0
-0.645643093399403,-0.33561302975712154,0.9601335766965787,0.8900552655614898,-1.0656943301620683,0.6427481511641392,-0.7277682105863615,-0.8902744783386874,1.1259899476660538,-0.6859943405700354,0.75,1.2120791238484125,2.6613535434724707,0.5704908705312574,-1.0183461934545501,-1.3065059487873956,-0.48960537439256197,-0.31127407250318834,-0.8984526095441183,1.3628928183942877,0.04724197406052667,0.0,0.0,1.0,0.0,0.0,1.0,0.0
0.36020114357102095,-0.22352799732126916,-0.26124369758500215,1.0163448785569051,0.13685496296799599,-0.03454957043005369,1.1150735322819774,1.1029589431061193,1.0433171378368558,-0.6859943405700354,0.75,1.2120791238484125,-0.3329447040608518,-0.05642217400860782,-0.7231733837575791,0.2748662930200075,-0.1292437773201112,-0.4840110712090476,-0.12587633937444637,1.1753948077754455,-0.6687542125133294,0.0,0.0,0.0,0.0,1.0,1.0,0.0
0.03731887833055247,-0.6412225336552367,0.026110555733747536,0.949600273261833,-1.114081477868789,-0.7866718264329813,1.2535584498586392,-1.1718593728728965,0.7051287927578809,1.457737973711325,0.75,-0.8250286473253902,-0.9423222347612925,0.88394739280119,0.7526906647272761,-0.9347698738775778,-0.6089353464673162,-1.0328936041166814,1.7937643731491666,-1.4361155893961477,0.047241974060526326,0.0,0.0,1.0,0.0,0.0,1.0,0.0
-2.741567509522794,-0.5777480394569622,1.8482255580471234,-0.7641878094583912,-1.3225271022153327,0.37854425970350086,0.09211792073511535,0.3535428527448256,-0.35445075606167986,-0.6859943405700354,0.75,1.2120791238484125,1.2553779319255487,-1.310248263088338,1.6382090938181892,1.8136910914203692,-1.175839709342253,0.7667558588226263,-0.5547309786707703,-0.03661138550093039,1.4792343472082392,0.0,0.0,0.0,0.0,1.0,0.0,1.0
-2.0637345944220553,-0.9917797324116241,-1.1930976267096167,-0.6732149456921136,0.5656681659810231,0.023381149957964094,1.4363105111288637,-1.0786566507530035,1.3885468913165777,-0.6859943405700354,0.75,1.2120791238484125,0.46872824931698864,1.510860437341055,-1.6086918128484922,1.5795438099047368,-1.3305032268979133,-0.27124405165554505,0.008796140190627435,0.6631407164466787,1.287383747232011,0.0,0.0,0.0,1.0,0.0,1.0,0.0
-0.4510275823530808,0.1742880136423972,1.5261990479937824,0.9475082086776513,-1.062841863262473,-0.7290554082112638,-0.8073527739339049,-0.803680306860019,0.8362370117470197,-0.6859943405700354,0.75,1.2120791238484125,1.1631484927759563,-1.310248263088338,-0.7231733837575791,-1.889352363613748,0.017730419278197847,0.07558399758736636,-0.9318169205882273,1.1753948077754455,-0.6687542125133294,0.0,0.0,0.0,0.0,1.0,1.0,0.0
-1.1505159599163322,0.8102107172741253,1.4996730520632133,-0.31425436616067454,-0.32645049280505556,0.3278955997962351,-0.662717840391628,-0.873492696266244,-0.6701837949736308,-0.6859943405700354,-1.3333333333333335,-0.8250286473253902,0.49431590155698746,0.88394739280119,-0.13282776436363702,-0.20512357619826868,0.3376863487104182,0.9737550415489636,-0.8711814819105642,-0.03661138550092988,-1.3847503990871861,0.0,0.0,0.0,1.0,0.0,1.0,0.0
-0.8894622518590086,1.2623750662395046,0.6724911068403547,-0.5742486888202706,0.8751418385989096,-0.1695058042674588,-0.46540565662531924,-0.6600554973704071,-0.8513971760423632,-0.6859943405700354,-1.3333333333333335,1.2120791238484125,-0.14020117336129526,-0.9967917408184056,1.0478634744242472,-1.0341273088590333,0.8194373565027699,1.2234880127800627,-0.7884621102753524,-1.2486175787773053,0.7632381606343831,1.0,0.0,0.0,0.0,0.0,0.0,1.0
0.5982203890346922,-0.25753840441287357,-0.6503177981831267,-0.8684638383762675,-1.0582981993755314,0.44832527853837617,-0.08334147432348339,1.8377175991013623,-0.8158087020218945,-0.6859943405700354,0.75,1.2120791238484125,0.08498496109654527,1.1974039150711224,-1.6086918128484922,-0.1642524380155887,-0.1014102886334667,-0.8226130300362814,-0.628288985225153,0.6631407164466787,1.287383747232011,0.0,0.0,0.0,1.0,0.0,0.0,1.0
0.886526785278638,-0.8696290273387389,1.4665284683623134,-1.7594669926079691,0.930443670740315,-1.1410238187501653,1.012591550840055,-0.35394833729748176,0.21076468762428258,1.457737973711325,-1.3333333333333335,-0.8250286473253902,-0.4211936772993505,-0.3698786962785404,-0.42800057406060804,1.194501186525635,-0.6578144891374287,2.2580642648429046,1.6927435943445974,0.6631407164466787,-1.1928997991109578,0.0,0.0,1.0,0.0,0.0,0.0,1.0
-0.776061749799918,-0.555838036780807,0.7097305039532091,-1.0769343883070706,0.01313813744450861,1.158131478957846,1.865386533489186,0.08734085976796503,-0.4270256421123987,-0.6859943405700354,0.75,-0.8250286473253902,-1.7118039408830283,-1.310248263088338,-0.7231733837575791,-1.4751475859856205,-0.7133129246686409,0.8959117213694296,0.1886780829875244,1.1753948077754455,-0.6687542125133294,0.0,0.0,1.0,0.0,0.0,1.0,0.0
0.41654742607057865,-0.9891635703809707,-0.007536473807081745,0.15494525989572952,-0.5528281460588989,-0.33397396326757905,0.02212649790918196,-0.525565869709993,-0.6942289109941742,-0.6859943405700354,-1.3333333333333335,-0.8250286473253902,-0.4292529711216007,1.510860437341055,-0.7231733837575791,-0.9458314106087106,-0.8681699057303355,-0.41865888986087674,-0.5840735484275003,1.1753948077754455,-0.6687542125133294,0.0,0.0,0.0,1.0,0.0,1.0,0.0
0.6879408522293945,-0.18959513147178886,1.3497045681043074,-2.6622932848933467,-1.1364261177590633,-0.4253172605460247,-1.3758603744513411,-0.32931396582031197,-0.6396124039405655,-0.6859943405700354,0.75,-0.8250286473253902,-0.4983664377594586,-1.310248263088338,1.3430362841212182,-0.08137327616146174,-0.009703108638988824,1.214884591326078,-1.1701528945103516,-0.7363634874485396,1.2873837472320107,0.0,0.0,0.0,1.0,0.0,1.0,0.0
-0.7989948501980433,0.6083368454214474,0.7023872547409454,-0.17429651455505596,-0.6519557577924826,-0.9770603685982275,-0.19011467341816052,-0.8192646486109488,-0.8747311932063376,-0.6859943405700354,0.75,-0.8250286473253902,-0.005970068619279665,0.88394739280119,1.6382090938181892,-0.7886872980928967,0.2896450245958243,0.1483594894015688,-0.6730516135028557,-0.03661138550093039,1.4792343472082392,0.0,1.0,0.0,0.0,0.0,0.0,1.0
-0.38863282568794566,-1.7056734810648602,1.2786075576566671,-1.4180241434903451,1.1580031890438989,-0.8784213862083333,-1.0919725486733363,-0.6549698541286861,-1.1719828210361585,-0.6859943405700354,0.75,-0.8250286473253902,0.7257048780861898,-0.9967917408184056,-0.42800057406060804,-0.9167705912813505,-1.666732628881125,2.140971493837218,-1.0511383353736703,0.6631407164466787,-1.1928997991109578,0.0,0.0,0.0,0.0,1.0,0.0,1.0
-0.6380713743531432,0.8683874593773002,0.2020967158393243,0.050203214187398135,-0.4627846472694241,-0.3143319994361631,-1.0742489125657835,-1.7871595734822654,-1.0361801577505902,1.457737973711325,0.75,1.2120791238484125,0.23093562497247414,-1.6237047853582707,1.6382090938181892,-0.44244770837952707,0.5738009685346279,-0.17416969766183774,0.8178755119948808,-0.03661138550093039,1.4792343472082392,0.0,1.0,0.0,0.0,0.0,1.0,0.0
-1.3615152292975445,0.4333439953425642,0.12658274114300105,0.6035541644347432,-1.0801535231512032,0.2613685753153238,0.008370107925660229,1.6129019002938505,-0.5984812316251611,1.457737973711325,0.75,-0.8250286473253902,1.2360227569189617,1.510860437341055,0.7526906647272761,0.24279766316109755,-0.04415942722304382,-0.8139608816602922,1.2717428981135488,-1.4361155893961477,0.047241974060526326,0.0,1.0,0.0,0.0,0.0,1.0,0.0
0.12426427617129111,0.7428742329098128,0.15720631413541644,-1.6722677048740686,-1.096621230131906,-1.3497121900399256,-0.3455760808606021,-0.5999251710549143,-0.2210387160665413,1.457737973711325,0.75,-0.8250286473253902,0.5223652309328656,1.1974039150711224,-1.3135190031515211,0.45518436205085516,0.7330973781149198,0.024719584549714266,1.1233577058247948,1.1753948077754452,0.7632381606343831,1.0,0.0,0.0,0.0,0.0,0.0,1.0
-0.3400287141765703,1.0555227313491344,-1.583753149704223,1.3928076636598208,1.8954003411066056,-1.587518747945341,-0.5134822286590291,-0.7225999120828499,-1.168733080094997,1.457737973711325,0.75,1.2120791238484125,1.5240902212646594,-0.3698786962785404,-1.3135190031515211,-0.18487810906990004,0.8533979310987326,-0.4738498593729367,1.0529662541949008,1.1753948077754452,0.7632381606343831,0.0,0.0,0.0,1.0,0.0,0.0,1.0
0.49076719423940296,1.4256554138861686,1.3185200550614207,-0.7457953036476106,-0.16253701607913917,-0.30846219110449985,-1.1373441107477782,0.2987535098056146,-0.43325864942999937,-0.6859943405700354,0.75,-0.8250286473253902,-0.22479819907199744,-0.3698786962785404,0.16234504533333402,-0.7250624601881063,1.5398443733771827,1.1027533543417014,-1.0701594978445643,-0.7363634874485385,-1.192899799110958,0.0,0.0,0.0,0.0,1.0,1.0,0.0
-0.7232284834667866,-0.30480850326384223,-0.07295554060659114,1.4500669691016845,1.0178031436442276,0.3470050053297608,-0.1986282481002181,-1.1762368907282892,0.5321997062075635,1.457737973711325,0.75,1.2120791238484125,-0.20162489165578848,1.510860437341055,-1.6086918128484922,-0.3519926561756026,-0.48203565472073906,0.04216428400071159,1.1849627834083045,0.6631407164466787,1.287383747232011,0.0,1.0,0.0,0.0,0.0,1.0,0.0
-1.5134237050726025,1.8504826003398445,0.8547208375209746,-0.0055502448447081595,-0.6531292017148346,-1.0045512503879963,-1.4254759421924217,-0.34315882314700263,1.0566709748812795,-0.6859943405700354,-1.3333333333333335,-0.8250286473253902,0.6518888410317425,-0.3698786962785404,-1.6086918128484922,0.22459504722774676,1.0353772429211627,0.19555760227302188,-1.1909532754525003,0.6631407164466787,1.287383747232011,0.0,0.0,0.0,0.0,1.0,1.0,0.0
-0.106284822594272,0.6412763032774038,1.333197771565848,-0.15043834078007834,-0.046640576876194335,0.33238870184262376,0.16645318701779369,-0.8847781809945544,0.9474018604981616,-0.6859943405700354,0.75,-0.8250286473253902,0.3900716251120049,1.510860437341055,0.16234504533333402,-1.2535562834638025,0.556624986074823,0.9691343000029008,-0.523567335352515,-0.7363634874485385,-1.192899799110958,0.0,1.0,0.0,0.0,0.0,1.0,0.0
1.965938110706283,-0.7877797550998767,2.0240824980672905,0.5264670651886209,0.7962423945549338,-0.4534771466586204,-0.24677333525016718,1.0065310673776617,-0.5148727995647104,1.457737973711325,-1.3333333333333335,-0.8250286473253902,0.8410247003424932,-1.310248263088338,-1.6086918128484922,1.8165148857593145,-0.35200441561357376,1.7436729630668455,1.1647788734218683,0.6631407164466787,1.287383747232011,0.0,0.0,0.0,1.0,0.0,1.0,0.0
1.991723887939797,-0.6775704447264275,0.25358084193944375,-0.022963543900892495,-0.3669348157220073,-1.2542648451147178,-0.03356186724275627,-0.33784817323932115,0.3104696081735841,-0.6859943405700354,0.75,1.2120791238484125,-0.2217989998028014,-1.310248263088338,0.45751785503030507,1.778323053639299,-0.22135040283714844,-0.05095519549579042,-0.6074198339169781,-1.2486175787773053,-0.6687542125133304,0.0,0.0,1.0,0.0,0.0,0.0,1.0
1.5301895236210752,-0.14879764136852222,-0.0739980931943424,0.8045541145655499,-1.2987664978869813,0.09280320937317084,-0.8979066270927837,-1.5728788011191701,-0.4977048609665543,1.457737973711325,0.75,-0.8250286473253902,-0.30652075215777363,0.88394739280119,-0.13282776436363702,1.5863023445848508,0.2567238797175374,-1.1670223330512046,0.8918036535247524,-0.03661138550092988,-1.3847503990871861,0.0,1.0,0.0,0.0,0.0,1.0,0.0
0.41826233661265305,0.12241817691675709,0.8582626144868678,-0.7564876598118254,1.0985116807345763,-0.3022336874129902,-0.45025830016716023,-0.7018924495919466,0.5054905337431397,-0.6859943405700354,-1.3333333333333335,-0.8250286473253902,1.253063906518555,-0.9967917408184056,1.6382090938181892,0.028035028790957088,0.22641568872594459,1.562074649244117,-0.7821118698379069,-0.03661138550093039,1.4792343472082392,1.0,0.0,0.0,0.0,0.0,1.0,0.0
0.5300588131929044,-0.94930109348545,0.9431609736192612,0.15756373894337017,-0.7895932849209896,-0.8709942598651119,-0.5230913079662696,-0.6631046189220936,-0.20721171626740717,1.457737973711325,-1.3333333333333335,-0.8250286473253902,0.43629897361012393,-1.310248263088338,0.16234504533333402,1.0342171078551803,-0.8074248364295137,0.11470749770892834,1.048937830875491,-0.7363634874485385,-1.192899799110958,0.0,0.0,1.0,0.0,0.0,0.0,1.0
0.03870977803618813,-0.5930235905004053,-1.4556969133450848,0.9885730659314685,-0.9561264856376659,0.4949563943805815,-0.13526301666290053,2.533021524563152,0.18547272824044878,-0.6859943405700354,-1.3333333333333335,1.2120791238484125,-0.46881968040078537,-0.3698786962785404,-0.7231733837575791,-0.6712571684414596,-0.5629616089264344,-2.011354058886816,-0.6500561020583153,1.1753948077754455,-0.6687542125133294,0.0,0.0,0.0,1.0,0.0,1.0,0.0
1.4229194810208874,0.22901506686917378,1.521851459100162,2.306558717083628,-1.3451375520866102,1.526066695982726,-1.2332569442680983,2.0086115170104892,-0.15006219922322425,-0.6859943405700354,-1.3333333333333335,1.2120791238484125,-1.5015038212195944,-1.310248263088338,1.3430362841212182,1.3415266060082702,0.636896387404169,-0.5972219377869882,-1.110369124888935,-0.7363634874485396,1.2873837472320107,0.0,0.0,0.0,1.0,0.0,1.0,0.0
2.117178559526932,0.6608837569668241,2.697765099264753,-1.1788234362452625,0.17819630884026497,-0.18753740457601947,1.5952615964652366,-1.361166568127487,0.6313644114828424,-0.6859943405700354,0.75,1.2120791238484125,-0.8188071863873692,-0.9967917408184056,0.45751785503030507,1.8205365227164452,1.3445589509800064,2.4614854458671083,0.07543335259577838,-1.2486175787773053,-0.6687542125133304,0.0,0.0,1.0,0.0,0.0,1.0,0.0
1.3805955178536762,0.1870421775921674,-0.7916542498477742,-0.36908369285619363,-1.083449886126287,1.8900111830947,0.11221876996521134,2.533021524563152,0.3425011011811184,1.457737973711325,-1.3333333333333335,1.2120791238484125,1.7593713852927326,0.25703434826132476,-1.3135190031515211,1.4761300605112224,0.578775947743053,-1.121102824042842,1.3152794699820312,1.1753948077754452,0.7632381606343831,1.0,0.0,0.0,0.0,0.0,1.0,0.0
-0.930255849520487,0.047521079112602414,-0.5508057245219056,-0.8924121725418338,0.7658571904474123,0.3261509841112502,1.5273967494293825,1.134712417418344,-1.2925431559559106,-0.6859943405700354,0.75,1.2120791238484125,0.9099586567202418,-0.683335218548473,0.45751785503030507,-0.760875506783271,-0.2336269073802519,0.39372995753431517,0.04698230919962218,-1.2486175787773053,-0.6687542125133304,0.0,1.0,0.0,0.0,0.0,0.0,1.0
-1.0850249712035243,2.1786970591168604,1.567466846327515,-2.3548496826344216,0.4968181773396218,0.8229946641366169,-1.058514116047089,-0.19862712841421915,0.6253475941580793,-0.6859943405700354,0.75,-0.8250286473253902,0.630158117297104,-1.6237047853582707,-0.42800057406060804,-0.45582234226676194,1.508343907276739,2.2766927267287884,-1.0371115253211285,0.6631407164466787,-1.1928997991109578,0.0,1.0,0.0,0.0,0.0,0.0,1.0
-0.24331889532042958,-0.10920969785156397,0.6283816181970083,0.004306970473695188,-0.8455845497834408,-1.017656865309615,1.8435151698415673,-0.9833635800480193,0.17232624576073488,-0.6859943405700354,0.75,1.2120791238484125,1.6148218165828723,1.510860437341055,-0.42800057406060804,-1.6006439192210702,-0.18104118760806168,-0.09022650960843416,0.1795089307172369,0.6631407164466787,-1.1928997991109578,0.0,1.0,0.0,0.0,0.0,0.0,1.0
1.186316589663544,-1.969571945767126,1.073272197365253,-0.15511746113937758,-0.2823854355613059,-0.644217885750382,-0.45854200927542316,-0.39430322753286523,1.620720485855499,-0.6859943405700354,0.75,-0.8250286473253902,-0.496971506460046,-1.6237047853582707,0.16234504533333402,1.0969823790697193,-1.7636772832357313,0.6375803751349564,-0.7855846569672408,-0.7363634874485385,-1.192899799110958,0.0,0.0,0.0,1.0,0.0,1.0,0.0
0.8245263685510957,-0.46353120755005606,-1.1544305411499,0.05189715263502094,1.4987783786203865,-0.04095994940383629,0.06045469900740464,-0.65965404301892,-0.7312096574751887,-0.6859943405700354,0.75,-0.8250286473253902,1.126281103287516,0.5704908705312574,-0.13282776436363702,0.3800590076701974,-0.2542216913396492,0.07423758491318992,-0.5680051807766305,-0.03661138550092988,-1.3847503990871861,0.0,0.0,0.0,0.0,1.0,0.0,1.0
-0.3362842791466049,-0.6423571338512855,0.798553221109377,0.8555736520782534,-0.5916939583456448,-0.7254413890336266,0.4009395128238146,0.8692204828864049,-1.655064431517019,-0.6859943405700354,-1.3333333333333335,-0.8250286473253902,-0.7940352012947776,-0.05642217400860782,0.7526906647272761,-1.4274568016349778,-0.6919631435028684,-0.11936587103237248,-0.42526341332661316,-1.4361155893961477,0.047241974060526326,0.0,0.0,0.0,1.0,0.0,1.0,0.0
-0.27626254492796465,0.46718322287436564,-1.7672574485455237,0.396812645355233,-0.3981941239050596,-1.4281868291832498,-1.147037931142547,-0.5212260402862091,-1.4171569366776107,-0.6859943405700354,0.75,1.2120791238484125,0.367486578666212,1.510860437341055,0.45751785503030507,-1.686564917644515,0.33849424438101655,-1.5700631828175737,-1.074223447249481,-1.2486175787773053,-0.6687542125133304,0.0,0.0,0.0,1.0,0.0,0.0,1.0
-0.3276820492780819,1.881824712937448,0.9287902670172382,-0.11909184118157845,-1.1188403549739978,0.41656717613462274,0.6402968092555955,-1.2204987308302186,2.449480632655078,-0.6859943405700354,-1.3333333333333335,1.2120791238484125,0.9910563068811803,-0.683335218548473,1.0478634744242472,-1.7255192776385495,1.6116139826768574,-0.0001584338750606753,-0.3249174297223263,-1.2486175787773053,0.7632381606343831,0.0,0.0,1.0,0.0,0.0,1.0,0.0
0.41607547677315404,0.5737882298856687,-0.42440762344847444,-2.321813696528704,-0.10622056258395605,0.7398167263743342,0.9201132813314407,-0.5054781041459965,-0.25547418923629983,1.457737973711325,-1.3333333333333335,-0.8250286473253902,-0.8002373700704077,-0.9967917408184056,-1.0183461934545501,0.23202363019938568,0.6700165746351916,0.4605645323106921,1.6539738427882285,1.3628928183942877,0.04724197406052667,0.0,0.0,0.0,0.0,1.0,0.0,1.0
1.122350301593562,1.5073500719468582,0.02102913855754469,-1.272010059499317,0.8643802468963263,-1.1400030780479762,1.4264301104880686,0.7825256131113704,2.356779256550874,-0.6859943405700354,-1.3333333333333335,-0.8250286473253902,-0.6064594103147514,-0.3698786962785404,1.0478634744242472,0.972842074649368,1.8914685410903866,1.0031325124260175,0.004653970574387542,-1.2486175787773053,0.7632381606343831,0.0,0.0,0.0,0.0,1.0,1.0,0.0
0.5143802043192685,0.007240060366931836,-0.060440210599103414,-0.16938235862406267,-1.0008110438880637,0.11772386870309967,-0.46351517771120593,-0.023989510580431986,-0.05381354151958998,-0.6859943405700354,0.75,-0.8250286473253902,-0.787923629729768,-0.05642217400860782,0.16234504533333402,0.29553371216820495,0.1401900200190083,-0.6177973644322331,-0.7876695630292568,-0.7363634874485385,-1.192899799110958,0.0,0.0,0.0,1.0,0.0,0.0,1.0
-0.8869143027851698,-1.6503430484059831,0.29223368323126714,0.41904732635590436,-0.44021717190263504,1.0973697837055694,0.026008820252795252,-0.3996422519204766,0.28349294202426606,1.457737973711325,-1.3333333333333335,-0.8250286473253902,0.055024289203032054,-0.683335218548473,0.16234504533333402,-0.2704607891473174,-1.677048064616578,-0.229498552583855,1.2791375920057564,-0.7363634874485385,-1.192899799110958,0.0,0.0,0.0,1.0,0.0,1.0,0.0
0.6654399059818735,0.8496168100513287,-0.6768742809139668,-0.3299192215714384,-0.23773255805128643,1.9787821139263664,-1.0226506732649356,-0.1721569527010545,0.7382315240394683,-0.6859943405700354,0.75,-0.8250286473253902,-0.9326812927289747,0.5704908705312574,-0.42800057406060804,0.46709324773881344,1.0323838312907907,-0.5262175928919316,-1.0220764606080004,0.6631407164466787,-1.1928997991109578,0.0,0.0,1.0,0.0,0.0,0.0,1.0
0.8860573527804197,-0.2641759957778889,-1.4502291662155995,1.2626614401966503,0.12233876730122822,-1.3383784120614781,-0.8257527486208658,0.4655611618773433,-0.45434004098119907,-0.6859943405700354,0.75,1.2120791238484125,-2.0792448185084553,-0.05642217400860782,-1.3135190031515211,0.1771086477442581,-0.03433160885912876,-1.4352485878830217,-0.9395307592126676,1.1753948077754452,0.7632381606343831,0.0,1.0,0.0,0.0,0.0,0.0,1.0
-0.4174053679757788,0.28592709913409464,-0.49751346278411496,-0.9355448858008004,-0.39220290686071246,-1.2312231322915368,0.9500495420083395,0.9898805383745204,2.449480632655078,-0.6859943405700354,0.75,1.2120791238484125,-0.9377160524589184,0.5704908705312574,1.6382090938181892,-0.4437136002863675,0.1286011796387214,-0.2737387917751426,-0.1950595014053231,-0.03661138550093039,1.4792343472082392,0.0,0.0,0.0,0.0,1.0,1.0,0.0
